SampleID,Year,DPFS,Date,Date2,Night,Temp,?TEMP24_hrs,?TEMP48_hrs,?TEMP72_hrs,Q,ChangeQ24_hrs,ChangeQ48_hrs,ChangeQ72_hrs,MoonPhase,CODE,LunarDay,THETA,percillum,SINEpercillum,COSINEpercillum,Nsuckers(5%),Nsuckers(100%),Nsturgeon,Ninverts,Ninverts100,Nfamilies,Biomass_mg,Biomass_g,Biomass_g100,SampleID,InvertByFlow,InvertByFlowCount,InvertByFlowByMeter,BiomassByFlow,BiomassByFlowByMeter
ID47,2012,34,5/21/2012,21-May,12,NA,NA,NA,NA,NA,NA,NA,NA,New Moon,NM,0,0,0,0,1,25,500,1027,170,3400,8,11414.97,11.41,228.3,ID47,#VALUE!,#VALUE!,#VALUE!,#VALUE!,#VALUE!
ID46,2012,33,5/20/2012,20-May,11,NA,NA,NA,NA,NA,NA,NA,NA,New Moon,NM,0,0,0,0,1,20,400,1052,160,3200,8,10294.9,10.29,205.9,ID46,#VALUE!,#VALUE!,#VALUE!,#VALUE!,#VALUE!
ID239,2018,33,6/13/2018,13-Jun,20,19.86095833,-0.172291667,0.244416667,0.514916667,6.231656199,-0.101038518,-0.016070995,-0.509798094,New Moon,NM,0,0,0,0,1,63,1260,47,83,1660,11,3470.23,3.47,69.4,ID239,266.3818329,266,129.9423575,11.13668627,5.432529885
ID102,2014,20,5/28/2014,28-May,3,19.70629167,0.450145833,1.334145833,2.354770833,NA,NA,NA,NA,New Moon,NM,1,0.216661379,0,0,1,1219,24380,388,254,5080,10,16708.91,16.71,334.2,ID102,#VALUE!,#VALUE!,#VALUE!,#VALUE!,#VALUE!
ID14,2011,28,6/1/2011,1-Jun,14,17.755875,-1.090291667,0.686958333,2.370166667,8.490471756,0.746479191,-0.313751109,-1.697697765,New Moon,NM,0,0,0,0,1,18,360,0,37,740,7,2429.38,2.43,48.6,ID14,87.15652337,87,42.51537725,5.724063562,2.792226128
ID83,2013,36,6/8/2013,8-Jun,23,15.95045833,0.602375,1.786208333,1.832666667,5.789125274,-0.068236661,-0.822330062,-2.117447382,New Moon,NM,0,0,0,0,1,85,1700,69,166,3320,7,11035.7,11.04,220.7,ID83,573.489058,573,279.75076,38.12320334,18.59668456
ID199,2017,27,5/25/2017,25-May,10,14.397125,-0.315333333,-0.183083333,0.02375,8.891718489,0.902559481,1.000863456,0.834970592,New Moon,NM,1,0.216661379,0,0,1,4,80,494,141,2820,13,6932.19,6.93,138.6,ID199,317.1490419,317,154.7068497,15.58753802,7.603677082
ID123,2015,15,5/18/2015,18-May,1,16.59333333,0.70075,2.906041667,3.100083333,10.20683647,2.70512432,2.52187601,1.070676369,New Moon,NM,0,0,0.01,0.841470985,0.540302306,4065,81300,5,137,2740,14,7339.15,7.34,146.8,ID123,268.4475261,268,130.9500127,14.38251709,7.015861997
ID121,2014,39,6/26/2014,26-Jun,22,19.49035417,0.499916667,0.355145833,0.3254375,NA,NA,NA,NA,Waning Crescent,WNC,27,5.849857241,0.01,0.009999833,0.99995,9,180,0,53,1060,9,3511.28,3.51,70.2,ID121,#VALUE!,#VALUE!,#VALUE!,#VALUE!,#VALUE!
ID101,2014,19,5/27/2014,27-May,2,19.25614583,0.884,1.904625,3.019875,NA,NA,NA,NA,Waning Crescent,WNC,28,6.066518621,0.01,0.009999833,0.99995,459,9180,23,617,12340,14,40935.69,40.94,818.7,ID101,#VALUE!,#VALUE!,#VALUE!,#VALUE!,#VALUE!
ID82,2013,35,6/7/2013,7-Jun,22,15.34808333,1.183833333,1.230291667,1.367083333,5.857361936,-0.754093401,-2.04921072,-2.80984585,Waning Crescent,WNC,28,6.066518621,0.01,0.009999833,0.99995,72,1440,36,77,1540,5,5192.24,5.19,103.8,ID82,262.9169952,263,128.2521928,17.72128838,8.644530916
ID103,2014,21,5/29/2014,29-May,4,20.29822917,0.5919375,1.042083333,1.926083333,NA,NA,NA,NA,Waxing Crescent,WXC,2,0.433322759,0.01,0.009999833,0.99995,2355,47100,1269,356,7120,11,23498.74,23.5,470,ID103,#VALUE!,#VALUE!,#VALUE!,#VALUE!,#VALUE!
ID240,2018,34,6/14/2018,14-Jun,21,20.27083333,0.409875,0.237583333,0.654291667,6.417315133,0.185658934,0.084620416,0.169587939,Waxing Crescent,WXC,1,0.216661379,0.01,0.009999833,0.99995,23,460,212,61,1220,6,1548.21,1.55,31,ID240,190.1106576,190,92.73690615,4.830680644,2.356429582
ID15,2011,29,6/2/2011,2-Jun,15,17.61704167,-0.138833333,-1.229125,0.548125,8.297408761,-0.193062995,0.553416196,-0.506814104,Waxing Crescent,WXC,1,0.216661379,0.01,0.009999833,0.99995,7,140,333,57,1140,11,2969.31,2.97,59.4,ID15,137.3922911,137,67.02062981,7.158861484,3.492127553
ID84,2013,37,6/9/2013,9-Jun,24,15.576,-0.374458333,0.227916667,1.41175,6.147647391,0.358522117,0.290285455,-0.463807946,Waxing Crescent,WXC,1,0.216661379,0.01,0.009999833,0.99995,208,4160,37,105,2100,6,7048.38,7.05,141,ID84,341.5940874,342,166.6312621,22.93560301,11.18809903
ID200,2017,28,5/26/2017,26-May,11,14.89070833,0.493583333,0.17825,0.3105,9.524172036,0.632453548,1.535013029,1.633317004,Waxing Crescent,WXC,2,0.433322759,0.01,0.841470985,0.540302306,5,100,217,114,2280,15,6543.47,6.54,130.9,ID200,239.3908879,239,116.7760429,13.74397685,6.704378952
ID45,2012,32,5/19/2012,19-May,10,NA,NA,NA,NA,NA,NA,NA,NA,Waning Crescent,WNC,28,6.066518621,0.02,0.019998667,0.999800007,13,260,317,42,840,4,2452.44,2.45,49,ID45,#VALUE!,#VALUE!,#VALUE!,#VALUE!,#VALUE!
ID122,2014,40,6/28/2014,28-Jun,23,22.2164375,1.4568125,2.726083333,3.226,NA,NA,NA,NA,Waning Crescent,WNC,28,6.066518621,0.02,0.019998667,0.999800007,0,0,0,40,800,11,2638.84,2.64,52.8,ID122,#VALUE!,#VALUE!,#VALUE!,#VALUE!,#VALUE!
ID238,2018,32,6/12/2018,12-Jun,19,20.03325,0.416708333,0.687208333,0.845708333,6.332694717,0.084967523,-0.408759576,-0.61680895,Waning Crescent,WNC,28,6.066518621,0.02,0.019998667,0.999800007,125,2500,0,108,2160,8,4503.37,4.5,90.1,ID238,341.0870248,341,166.3839145,14.22775043,6.940366065
ID198,2017,26,5/24/2017,24-May,9,14.71245833,0.13225,0.339083333,-0.856125,7.989159008,0.098303975,-0.067588889,0.035649195,Waning Crescent,WNC,28,6.066518621,0.02,0.909297427,-0.416146837,14,280,1219,128,2560,14,6900.59,6.9,138,ID198,320.4342281,320,156.3093796,17.27340761,8.426052492
ID124,2015,16,5/19/2015,19-May,2,15.34170833,-1.251625,-0.550875,1.654416667,8.529435787,-1.677400678,1.027723642,0.844475331,New Moon,NM,1,0.216661379,0.03,0.141120008,-0.989992497,1703,34060,28,247,4940,18,13064.83,13.06,261.3,ID124,579.1707826,579,282.522333,30.63508613,14.94394446
ID48,2012,35,5/22/2012,22-May,13,18.758875,NA,NA,NA,NA,NA,NA,NA,Waxing Crescent,WXC,1,0.216661379,0.03,0.0299955,0.999550034,6,120,1067,311,6220,8,20563.48,20.56,411.3,ID48,#VALUE!,#VALUE!,#VALUE!,#VALUE!,#VALUE!
ID16,2011,30,6/3/2011,3-Jun,16,18.32270833,0.705666667,0.566833333,-0.523458333,8.244227261,-0.053181499,-0.246244495,0.500234696,Waxing Crescent,WXC,2,0.433322759,0.03,0.0299955,0.999550034,8,160,480,37,740,6,2262.15,2.26,45.2,ID16,89.75977694,90,43.78525704,5.482624213,2.674450836
ID69,2012,56,6/17/2012,17-Jun,34,22.16633333,-0.432333333,-0.005291667,0.72725,12.83070722,2.184408585,2.297843695,1.235815344,Waning Crescent,WNC,22,4.766550345,0.04,0.039989334,0.999200107,11,220,13,37,740,9,2283.36,2.28,45.7,ID69,57.67413965,58,28.13372666,3.561767813,1.737447714
ID81,2013,34,6/6/2013,6-Jun,21,14.16425,0.046458333,0.18325,-0.224375,6.611455337,-1.295117319,-2.055752449,-1.396878389,Waning Crescent,WNC,27,5.849857241,0.04,0.039989334,0.999200107,25,500,30,29,580,4,1950.75,1.95,39,ID81,87.72652471,88,42.79342669,5.898852524,2.877489036
ID104,2014,22,5/30/2014,30-May,5,20.67477083,0.376541667,0.968479167,1.418625,NA,NA,NA,NA,Waxing Crescent,WXC,3,0.649984138,0.04,0.039989334,0.999200107,602,12040,2791,276,5520,13,18053.69,18.05,361.1,ID104,#VALUE!,#VALUE!,#VALUE!,#VALUE!,#VALUE!
ID220,2017,48,6/25/2017,25-Jun,31,19.97995833,0.110958333,0.408625,-0.214083333,8.365387832,-0.097171937,-2.663880096,-1.308239545,Waxing Crescent,WXC,4,0.866645517,0.04,-0.756802495,-0.653643621,8,160,0,37,740,11,1489.1,1.49,29.8,ID220,88.4597361,88,43.15109078,3.562297481,1.737706088
ID85,2013,38,6/10/2013,10-Jun,25,15.99016667,0.414166667,0.039708333,0.642083333,5.106130435,-1.041516956,-0.68299484,-0.751231501,Waxing Crescent,WXC,2,0.433322759,0.04,0.039989334,0.999200107,184,3680,64,124,2480,5,8322.99,8.32,166.5,ID85,485.6906872,486,236.9222864,32.60786267,15.90627447
ID100,2014,18,5/26/2014,26-May,1,18.37214583,1.020625,2.135875,3.199708333,NA,NA,NA,NA,Waning Crescent,WNC,27,5.849857241,0.05,0.049979169,0.99875026,31,620,1,362,7240,15,21918.28,21.92,438.4,ID100,#VALUE!,#VALUE!,#VALUE!,#VALUE!,#VALUE!
ID44,2012,31,5/18/2012,18-May,9,17.371,1.266708333,1.861916667,0.380958333,5.487734004,-0.294375572,-0.429820361,-0.471735019,Waning Crescent,WNC,27,5.849857241,0.05,0.049979169,0.99875026,57,1140,92,163,3260,6,10045.87,10.05,200.9,ID44,594.0521165,594,289.7815203,36.60891724,17.85800841
ID12,2011,26,5/30/2011,30-May,12,17.06891667,1.683208333,1.349041667,1.195083333,8.804222865,-1.383946657,0.037824046,-2.729472325,Waning Crescent,WNC,26,5.633195862,0.05,0.049979169,0.99875026,50,1000,502,53,1060,7,3244.93,3.24,64.9,ID12,120.3967705,120,58.73013197,7.371462649,3.595835438
ID241,2018,35,6/15/2018,15-Jun,22,20.88258333,0.61175,1.021625,0.849333333,5.971578616,-0.445736517,-0.260077583,-0.361116101,Waxing Crescent,WXC,2,0.433322759,0.05,0.049979169,0.99875026,18,360,571,51,1020,7,2227.12,2.23,44.5,ID241,170.8091052,171,83.32151473,7.451965864,3.635105299
ID201,2017,29,5/27/2017,27-May,12,16.22375,1.333041667,1.826625,1.511291667,8.31365611,-1.210515926,-0.578062378,0.324497103,Waxing Crescent,WXC,3,0.649984138,0.05,-0.958924275,0.283662185,3,60,148,92,1840,13,4320.37,4.32,86.4,ID201,221.3226017,221,107.9622447,10.39253956,5.069531492
ID49,2012,36,5/23/2012,23-May,14,19.77079167,1.011916667,NA,NA,11.83056262,0.903770842,NA,NA,Waxing Crescent,WXC,2,0.433322759,0.06,0.059964006,0.99820054,16,320,1686,67,1340,8,4325.34,4.33,86.5,ID49,113.2659573,113,55.25168647,7.311571121,3.566620059
ID237,2018,31,6/11/2018,11-Jun,18,19.61654167,0.2705,0.429,1.511875,6.247727194,-0.493727099,-0.701776473,-0.879254717,Waning Crescent,WNC,27,5.849857241,0.07,0.069942847,0.997551,164,3280,0,35,700,5,1180.81,1.18,23.6,ID237,112.0407435,112,54.65402122,3.777373638,1.842621287
ID120,2014,38,6/24/2014,24-Jun,21,19.13520833,-0.029708333,0.025333333,0.9790625,NA,NA,NA,NA,Waning Crescent,WNC,26,5.633195862,0.07,0.069942847,0.997551,10,200,0,43,860,8,2685.43,2.69,53.7,ID120,#VALUE!,#VALUE!,#VALUE!,#VALUE!,#VALUE!
ID197,2017,25,5/23/2017,23-May,8,14.58020833,0.206833333,-0.988375,-1.488833333,7.890855033,-0.165892864,-0.06265478,0.330514517,Waning Crescent,WNC,27,5.849857241,0.07,0.656986599,0.753902254,24,480,1853,103,2060,8,5482.03,5.48,109.6,ID197,261.0616963,261,127.3471689,13.88949607,6.775363938
ID125,2015,17,5/20/2015,20-May,3,14.98954167,-0.352166667,-1.603791667,-0.903041667,7.12237092,-1.407064867,-3.084465545,-0.379341225,Waxing Crescent,WXC,2,0.433322759,0.07,0.656986599,0.753902254,9269,185380,73,490,9800,20,27872.09,27.87,557.4,ID125,1375.946312,1376,671.1933229,78.26045656,38.17583247
ID68,2012,55,6/16/2012,16-Jun,33,22.59866667,0.427041667,1.159583333,1.521875,10.64629863,0.113435109,-0.948593242,-0.527642152,Waning Crescent,WNC,21,4.549888966,0.08,0.079914694,0.996801706,13,260,30,31,620,7,3070.1,3.07,61.4,ID68,58.23620223,58,28.40790353,5.767262608,2.813298833
ID80,2013,33,6/5/2013,5-Jun,20,14.11779167,0.136791667,-0.270833333,-4.490333333,7.906572656,-0.760635129,-0.10176107,1.421763309,Waning Crescent,WNC,26,5.633195862,0.08,0.079914694,0.996801706,6,120,15,70,1400,6,5055.72,5.06,101.1,ID80,177.0678726,177,86.37457202,12.78682994,6.237478022
ID105,2014,23,5/31/2014,31-May,6,21.70589583,1.031125,1.407666667,1.999604167,NA,NA,NA,NA,Waxing Crescent,WXC,4,0.866645517,0.08,0.079914694,0.996801706,51,1020,3123,109,2180,10,7629.07,7.63,152.6,ID105,#VALUE!,#VALUE!,#VALUE!,#VALUE!,#VALUE!
ID17,2011,31,6/4/2011,4-Jun,17,18.69129167,0.368583333,1.07425,0.935416667,7.862959763,-0.381267498,-0.434448997,-0.627511992,Waxing Crescent,WXC,3,0.649984138,0.08,0.079914694,0.996801706,22,440,230,56,1120,5,3851.05,3.85,77,ID17,142.4400014,142,69.48292753,9.792750099,4.776951268
ID86,2013,39,6/11/2013,11-Jun,26,16.39875,0.408583333,0.82275,0.448291667,4.736441092,-0.369689343,-1.411206299,-1.052684182,Waxing Crescent,WXC,3,0.649984138,0.08,0.079914694,0.996801706,1130,22600,58,110,2200,7,7561.86,7.56,151.2,ID86,464.4837669,464,226.5774473,31.92270252,15.57205001
ID70,2012,57,6/22/2012,22-Jun,35,22.565,-0.2635,-0.116708333,0.697416667,16.82998918,-4.734329817,-7.18792866,-3.549716831,Waxing Crescent,WXC,2,0.433322759,0.09,0.089878549,0.995952733,41,820,0,38,760,9,2244.67,2.24,44.9,ID70,45.15748595,45,22.02804193,2.667856736,1.30139353
ID43,2012,30,5/17/2012,17-May,8,16.10429167,0.595208333,-0.88575,-0.111625,5.782109576,-0.135444789,-0.177359447,-0.586992854,Waning Crescent,WNC,26,5.633195862,0.1,0.099833417,0.995004165,129,2580,13,28,560,3,1765.6,1.77,35.3,ID43,96.85046481,97,47.24412917,6.105038228,2.978067428
ID11,2011,25,5/29/2011,29-May,11,15.38570833,-0.334166667,-0.488125,-0.429666667,10.18816952,1.421770702,-1.345525669,-0.273369872,Waning Crescent,WNC,25,5.416534483,0.1,0.099833417,0.995004165,49,980,661,81,1620,10,4498.61,4.5,90,ID11,159.0079549,159,77.56485607,8.833775275,4.309158671
ID136,2015,47,6/19/2015,19-Jun,14,19.86604167,0.136166667,0.243,1.135083333,8.680335924,-2.130738146,-4.078353945,-4.653519126,Waxing Crescent,WXC,3,0.649984138,0.1,-0.544021111,-0.839071529,121,2420,96,107,2140,15,4206.7,4.21,84.1,ID136,246.5342377,247,120.2606038,9.688565136,4.726129335
ID242,2018,36,6/16/2018,16-Jun,23,21.34220833,0.459625,1.071375,1.48125,6.29392387,0.322345254,-0.123391263,0.062267671,Waxing Crescent,WXC,3,0.649984138,0.12,0.119712207,0.992808636,20,400,410,28,560,10,860.1,0.86,17.2,ID242,88.97470188,89,43.4022936,2.732794415,1.333070446
ID50,2012,37,5/24/2012,24-May,15,20.803125,1.032333333,2.04425,NA,11.31625044,-0.514312189,0.389458653,NA,Waxing Crescent,WXC,3,0.649984138,0.12,0.119712207,0.992808636,9,180,1326,31,620,3,2087.53,2.09,41.8,ID50,54.78846578,55,26.72608087,3.693803016,1.80185513
ID119,2014,37,6/23/2014,23-Jun,20,19.16491667,0.055041667,1.008770833,0.778645833,NA,NA,NA,NA,Waning Crescent,WNC,25,5.416534483,0.13,0.129634143,0.991561894,11,220,1,79,1580,9,3396.94,3.4,67.9,ID119,#VALUE!,#VALUE!,#VALUE!,#VALUE!,#VALUE!
ID126,2015,18,5/21/2015,21-May,4,15.06616667,0.076625,-0.275541667,-1.527166667,7.827916021,0.705545101,-0.701519766,-2.378920444,Waxing Crescent,WXC,3,0.649984138,0.13,0.420167037,0.907446781,2024,40480,97,207,4140,15,9947.29,9.95,198.9,ID126,528.8763943,529,257.988485,25.40906155,12.39466417
ID67,2012,54,6/15/2012,15-Jun,32,22.171625,0.732541667,1.094833333,0.534458333,10.53286353,-1.062028351,-0.641077261,-2.014958333,Waning Crescent,WNC,20,4.333227586,0.14,0.139543115,0.990215996,317,6340,103,50,1000,5,1242.87,1.24,24.9,ID67,94.94094338,95,46.31265531,2.36402949,1.153185117
ID236,2018,30,6/10/2018,10-Jun,17,19.34604167,0.1585,1.241375,2.32,6.741454293,-0.208049374,-0.385527618,-0.503360421,Waning Crescent,WNC,26,5.633195862,0.14,0.139543115,0.990215996,61,1220,0,83,1660,7,2998.76,3,60,ID236,246.2376704,246,120.1159368,8.90015676,4.341539883
ID196,2017,24,5/22/2017,22-May,7,14.373375,-1.195208333,-1.695666667,-1.830625,8.056747896,0.103238084,0.496407381,-0.159466116,Waning Crescent,WNC,26,5.633195862,0.14,0.990607356,0.136737218,35,700,2473,55,1100,11,4231.21,4.23,84.6,ID196,136.5315155,137,66.60073925,10.50051474,5.12220231
ID106,2014,24,6/1/2014,1-Jun,7,21.748375,0.042479167,1.073604167,1.450145833,NA,NA,NA,NA,Waxing Crescent,WXC,5,1.083306897,0.14,0.139543115,0.990215996,32,640,1214,184,3680,14,11774.11,11.77,235.5,ID106,#VALUE!,#VALUE!,#VALUE!,#VALUE!,#VALUE!
ID87,2013,40,6/12/2013,12-Jun,27,18.02925,1.6305,2.039083333,2.45325,4.827899722,0.09145863,-0.278230712,-1.319747669,Waxing Crescent,WXC,4,0.866645517,0.14,0.139543115,0.990215996,509,10180,27,118,2360,6,7645.66,7.65,152.9,ID87,488.8253974,489,238.4514133,31.67008613,15.4488225
ID18,2011,32,6/5/2011,5-Jun,18,19.12758333,0.436291667,0.804875,1.510541667,6.483399811,-1.379559952,-1.76082745,-1.814008949,Waxing Crescent,WXC,4,0.866645517,0.15,0.149438132,0.988771078,22,440,211,63,1260,7,4413.4,4.41,88.3,ID18,194.3424803,194,94.8012099,13.61939763,6.643608598
ID10,2011,24,5/28/2011,28-May,10,15.719875,-0.153958333,-0.0955,-1.520666667,8.766398819,-2.767296371,-1.695140574,-2.545423269,Waning Crescent,WNC,24,5.199873103,0.16,0.159318207,0.987227283,67,1340,0,106,2120,8,5929.07,5.93,118.6,ID10,241.8324838,242,117.9670652,13.52893046,6.599478273
ID42,2012,29,5/16/2012,16-May,7,15.50908333,-1.480958333,-0.706833333,0.231625,5.917554365,-0.041914658,-0.451548066,-1.619717336,Waning Crescent,WNC,25,5.416534483,0.16,0.159318207,0.987227283,59,1180,6,82,1640,9,5343.69,5.34,106.9,ID42,277.1415181,277,135.1909844,18.06489529,8.812144046
ID71,2012,58,6/23/2012,23-Jun,36,22.59416667,0.029166667,-0.234333333,-0.087541667,13.11092618,-3.719062992,-8.453392809,-10.90699165,Waxing Crescent,WXC,3,0.649984138,0.16,0.159318207,0.987227283,2,40,0,43,860,6,2763.58,2.76,55.3,ID71,65.59414554,66,31.99714417,4.217856103,2.057490782
ID137,2015,48,6/20/2015,20-Jun,15,19.91716667,0.051125,0.187291667,0.294125,7.993680286,-0.686655638,-2.817393785,-4.765009584,Waxing Crescent,WXC,4,0.866645517,0.16,-0.287903317,-0.95765948,19,380,38,35,700,10,1338.28,1.34,26.8,ID137,87.56917652,88,42.71667147,3.352648472,1.635438279
ID51,2012,38,5/25/2012,25-May,16,20.87320833,0.070083333,1.102416667,2.114333333,10.34823259,-0.968017844,-1.482330033,-0.578559191,Waxing Crescent,WXC,4,0.866645517,0.19,0.188858895,0.982004235,22,440,1750,156,3120,8,10043.04,10.04,200.9,ID51,301.5007609,302,147.0735419,19.41394323,9.470216208
ID243,2018,37,6/17/2018,17-Jun,24,21.88175,0.539541667,0.999166667,1.610916667,5.988900604,-0.305023265,0.017321989,-0.428414528,Waxing Crescent,WXC,4,0.866645517,0.2,0.198669331,0.980066578,4,80,221,26,520,9,623.38,0.62,12.5,ID243,86.82728841,87,42.35477483,2.087194433,1.018143626
ID66,2012,53,6/14/2012,14-Jun,31,21.43908333,0.362291667,-0.198083333,-1.900166667,11.59489188,0.420951089,-0.952929982,-3.077580905,Waning Crescent,WNC,19,4.116566207,0.21,0.2084599,0.978030915,43,860,286,80,1600,10,4198.77,4.2,84,ID66,137.9917999,138,67.31307311,7.244569494,3.533936339
ID88,2013,41,6/13/2013,13-Jun,28,19.08783333,1.058583333,2.689083333,3.097666667,4.527882057,-0.300017665,-0.208559034,-0.578248377,Waxing Crescent,WXC,5,1.083306897,0.21,0.2084599,0.978030915,436,8720,33,38,760,5,2523.08,2.52,50.5,ID88,167.848895,168,81.87750976,11.15311737,5.440545056
ID127,2015,19,5/22/2015,22-May,5,14.827,-0.239166667,-0.162541667,-0.514708333,7.777889127,-0.050026894,0.655518207,-0.75154666,Waxing Crescent,WXC,4,0.866645517,0.21,0.836655639,-0.54772926,1291,25820,84,263,5260,20,12570.54,12.57,251.4,ID127,676.2760325,676,329.8907476,32.3223944,15.76702166
ID235,2018,29,6/9/2018,9-Jun,16,19.18754167,1.082875,2.1615,2.622208333,6.949503667,-0.177478244,-0.295311047,-0.591949062,Waning Crescent,WNC,25,5.416534483,0.22,0.218229623,0.975897449,22,440,1,51,1020,7,3040.88,3.04,60.8,ID235,146.7730717,147,71.59662034,8.748826235,4.267720114
ID107,2014,25,6/2/2014,2-Jun,8,21.9815625,0.2331875,0.275666667,1.306791667,NA,NA,NA,NA,Waxing Crescent,WXC,6,1.299968276,0.22,0.218229623,0.975897449,13,260,705,212,4240,14,13273.92,13.27,265.5,ID107,#VALUE!,#VALUE!,#VALUE!,#VALUE!,#VALUE!
ID195,2017,23,5/21/2017,21-May,6,15.56858333,-0.500458333,-0.635416667,-1.806625,7.953509813,0.393169297,-0.2627042,0.333488194,Waning Crescent,WNC,25,5.416534483,0.23,-0.846220404,-0.53283302,91,1820,5220,117,2340,12,7756.47,7.76,155.1,ID195,294.2097332,294,143.516943,19.50082462,9.512597377
ID41,2012,28,5/15/2012,15-May,6,16.99004167,0.774125,1.712583333,2.265625,5.959469023,-0.409633408,-1.577802677,-2.200196157,Waning Crescent,WNC,24,5.199873103,0.24,0.237702626,0.971337975,532,10640,7,120,2400,9,7897.25,7.9,157.9,ID41,402.7204422,403,196.4489962,26.49564909,12.92470687
ID19,2011,33,6/6/2011,6-Jun,19,20.46554167,1.337958333,1.77425,2.142833333,6.627696086,0.144296275,-1.235263678,-1.616531175,Waxing Crescent,WXC,5,1.083306897,0.24,0.237702626,0.971337975,43,860,400,37,740,6,2577.84,2.58,51.6,ID19,111.6526754,112,54.46471973,7.785510882,3.797810186
ID138,2015,49,6/21/2015,21-Jun,16,19.67454167,-0.242625,-0.1915,-0.055333333,7.444487855,-0.549192431,-1.235848069,-3.366586215,Waxing Crescent,WXC,5,1.083306897,0.24,-0.905578362,0.424179007,120,2400,20,164,3280,12,6830.75,6.83,136.6,ID138,440.5944457,441,214.9241199,18.34914673,8.950803284
ID52,2012,39,5/26/2012,26-May,17,20.60766667,-0.265541667,-0.195458333,0.836875,10.31719116,-0.031041433,-0.999059277,-1.513371467,Waxing Crescent,WXC,5,1.083306897,0.28,0.276355649,0.961055438,53,1060,1219,45,900,5,2874.35,2.87,57.5,ID52,87.23304493,87,42.55270484,5.573222315,2.718645032
ID65,2012,52,6/13/2012,13-Jun,30,21.07679167,-0.560375,-2.262458333,-0.832125,11.17394079,-1.373881072,-3.498531995,-3.620194468,Waning Crescent,WNC,18,3.899904828,0.29,0.285952225,0.958243876,93,1860,181,46,920,5,2783.86,2.78,55.7,ID65,82.3344259,82,40.16313459,4.984812525,2.431615866
ID108,2014,26,6/3/2014,3-Jun,9,20.87308333,-1.108479167,-0.875291667,-0.8328125,NA,NA,NA,NA,Waxing Crescent,WXC,7,1.516629655,0.3,0.295520207,0.955336489,15,300,2062,91,1820,14,6055.82,6.06,121.1,ID108,#VALUE!,#VALUE!,#VALUE!,#VALUE!,#VALUE!
ID89,2013,42,6/14/2013,14-Jun,29,18.95708333,-0.13075,0.927833333,2.558333333,5.606006349,1.078124291,0.778106626,0.869565257,Waxing Crescent,WXC,6,1.299968276,0.3,0.295520207,0.955336489,354,7080,60,82,1640,6,3859.92,3.86,77.2,ID89,292.5433719,293,142.7040838,13.77094409,6.717533702
ID128,2015,20,5/23/2015,23-May,6,15.09595833,0.268958333,0.029791667,0.106416667,6.311333137,-1.46655599,-1.516582885,-0.811037783,Waxing Crescent,WXC,5,1.083306897,0.3,-0.988031624,0.15425145,553,11060,131,232,4640,19,11381.76,11.38,227.6,ID128,735.1854037,735,358.6270262,36.06211161,17.59127396
ID234,2018,28,6/8/2018,8-Jun,15,18.10466667,1.078625,1.539333333,1.2965,7.126981911,-0.117832803,-0.414470818,-0.587963632,Waning Crescent,WNC,24,5.199873103,0.31,0.305058636,0.95233357,91,1820,0,53,1060,9,3243.91,3.24,64.9,ID234,148.7305585,149,72.55149195,9.106238912,4.442067762
ID244,2018,38,6/18/2018,18-Jun,25,21.57279167,-0.308958333,0.230583333,0.690208333,6.130504891,0.141604287,-0.163418979,0.158926276,Waxing Crescent,WXC,5,1.083306897,0.31,0.305058636,0.95233357,32,640,67,13,260,4,349.24,0.35,7,ID244,42.4108625,42,20.68822561,1.141830914,0.55699069
ID139,2015,50,6/22/2015,22-Jun,17,20.33825,0.663708333,0.421083333,0.472208333,6.566329323,-0.878158532,-1.427350963,-2.114006601,Waxing Crescent,WXC,6,1.299968276,0.32,0.551426681,0.834223361,19,380,12,51,1020,15,1731.81,1.73,34.6,ID139,155.3379293,155,75.77459965,5.269306228,2.570393282
ID40,2012,27,5/14/2012,14-May,5,16.21591667,0.938458333,1.4915,1.971583333,6.369102431,-1.16816927,-1.790562749,-3.629082956,Waning Crescent,WNC,23,4.983211724,0.33,0.324043028,0.946042344,431,8620,0,121,2420,5,8044.33,8.04,160.9,ID40,379.9593469,380,185.3460229,25.26258633,12.32321284
ID194,2017,22,5/20/2017,20-May,5,16.06904167,-0.134958333,-1.306166667,-0.809625,7.560340516,-0.655873497,-0.059681103,-0.087219432,Waning Crescent,WNC,24,5.199873103,0.33,0.99991186,-0.013276747,299,5980,4390,161,3220,12,10365.98,10.37,207.3,ID194,425.9067423,426,207.7593865,27.4193999,13.37531703
ID8,2011,22,5/26/2011,26-May,8,15.815375,-1.425166667,-1.718666667,-2.333041667,10.46153939,-0.850282695,-0.709360141,-1.365717711,Waning Crescent,WNC,22,4.766550345,0.33,0.324043028,0.946042344,1095,21900,3147,394,7880,10,25680.41,25.68,513.6,ID8,753.2352273,753,367.4318182,49.09411329,23.94834795
ID20,2011,34,6/7/2011,7-Jun,20,21.87054167,1.405,2.742958333,3.17925,6.297251258,-0.330444828,-0.186148554,-1.565708506,Waxing Crescent,WXC,6,1.299968276,0.34,0.333487092,0.942754666,188,3760,598,69,1380,5,4648.63,4.65,93,ID20,219.143233,219,106.8991381,14.76834831,7.204072348
ID219,2017,47,6/18/2017,18-Jun,30,22.873875,-0.191916667,0.118708333,0.060458333,10.91762461,2.655522512,3.475280689,2.730414547,Waning Crescent,WNC,25,5.416534483,0.37,-0.643538133,0.765414052,7,140,2,8,160,3,49.51,0.05,1,ID219,14.65520255,15,7.148879292,0.091595016,0.044680496
ID64,2012,51,6/12/2012,12-Jun,29,21.63716667,-1.702083333,-0.27175,1.486333333,12.54782186,-2.124650923,-2.246313396,-2.201072816,Waning Crescent,WNC,17,3.683243448,0.38,0.370920469,0.928664636,169,3380,51,39,780,7,2321.74,2.32,46.4,ID64,62.1621831,62,30.32301615,3.697852944,1.803830704
ID53,2012,40,5/27/2012,27-May,18,20.27341667,-0.33425,-0.599791667,-0.529708333,10.48022067,0.163029511,0.131988077,-0.836029767,Waxing Crescent,WXC,6,1.299968276,0.38,0.370920469,0.928664636,206,4120,594,62,1240,5,4069.12,4.07,81.4,ID53,118.3181193,118,57.71615578,7.767012028,3.788786355
ID109,2014,27,6/4/2014,4-Jun,10,20.30535417,-0.567729167,-1.676208333,-1.443020833,NA,NA,NA,NA,Waxing Crescent,WXC,8,1.733291034,0.39,0.380188415,0.92490906,21,420,2283,85,1700,12,5791.67,5.79,115.8,ID109,#VALUE!,#VALUE!,#VALUE!,#VALUE!,#VALUE!
ID90,2013,43,6/15/2013,15-Jun,30,17.83525,-1.121833333,-1.252583333,-0.194,4.844530656,-0.761475693,0.316648598,0.016630934,Waxing Crescent,WXC,7,1.516629655,0.39,0.380188415,0.92490906,4,80,47,126,2520,6,3576.35,3.58,71.5,ID90,520.1742292,520,253.7435265,14.75891166,7.199469104
ID129,2015,21,5/24/2015,24-May,7,15.655375,0.559416667,0.828375,0.589208333,7.432537721,1.121204584,-0.345351406,-0.3953783,Waxing Crescent,WXC,6,1.299968276,0.39,0.963795386,0.266642932,168,3360,124,146,2920,16,6414.58,6.41,128.3,ID129,392.8671619,393,191.642518,17.26193728,8.420457212
ID140,2015,51,6/23/2015,23-Jun,18,19.722125,-0.616125,0.047583333,-0.195041667,8.141571936,1.575242612,0.69708408,0.14789165,First Quarter,FQ,7,1.516629655,0.41,-0.158622669,-0.987339278,25,500,8,66,1320,12,2460.5,2.46,49.2,ID140,162.1308527,162,79.08822081,6.043059054,2.947833685
ID79,2013,29,6/1/2013,1-Jun,16,20.40854167,1.177791667,4.237458333,6.704041667,5.934032399,-1.083248259,-1.859504355,-1.8088021,Waning Crescent,WNC,22,4.766550345,0.41,0.398609328,0.917120823,0,0,14,141,2820,6,9337.62,9.34,186.8,ID79,475.2249079,475,231.8170282,31.47943716,15.355823
ID233,2018,27,6/7/2018,7-Jun,14,17.02604167,0.460708333,0.217875,-0.539625,7.244814714,-0.296638015,-0.470130829,-0.667821021,Waning Crescent,WNC,23,4.983211724,0.41,0.398609328,0.917120823,118,2360,3,39,780,4,2487.33,2.49,49.7,ID233,107.6632089,108,52.51863849,6.860078824,3.346379914
ID245,2018,39,6/19/2018,19-Jun,26,21.94508333,0.372291667,0.063333333,0.602875,6.720352299,0.589847408,0.731451695,0.42642843,Waxing Crescent,WXC,6,1.299968276,0.41,0.398609328,0.917120823,10,200,16,10,200,5,456.52,0.46,9.1,ID245,29.76034456,30,14.51724125,1.354095678,0.660534477
ID39,2012,26,5/13/2012,13-May,4,15.27745833,0.553041667,1.033125,2.105333333,7.5372717,-0.62239348,-2.460913686,-2.317447912,Waning Crescent,WNC,22,4.766550345,0.42,0.407760453,0.91308894,140,2800,0,71,1420,4,4665.03,4.67,93.3,ID39,188.3970827,188,91.90101596,12.37848438,6.038285063
ID193,2017,21,5/19/2017,19-May,4,16.204,-1.171208333,-0.674666667,-0.146916667,8.216214013,0.596192394,0.568654065,0.536313622,Waning Crescent,WNC,23,4.983211724,0.43,-0.831774743,0.555113302,233,4660,1354,126,2520,12,7258.26,7.26,145.2,ID193,306.7106086,307,149.614931,17.67237316,8.620669834
ID246,2018,40,6/20/2018,20-Jun,27,21.81754167,-0.127541667,0.24475,-0.064208333,6.576442435,-0.143909864,0.445937544,0.587541831,First Quarter,FQ,7,1.516629655,0.5,0.479425539,0.877582562,8,160,5,10,200,6,330.65,0.33,6.6,ID246,30.41157921,30,14.83491669,1.003582114,0.489552251
ID21,2011,35,6/8/2011,8-Jun,21,21.549,-0.321541667,1.083458333,2.421416667,6.908189046,0.610937788,0.28049296,0.424789235,First Quarter,FQ,7,1.516629655,0.5,0.479425539,0.877582562,79,1580,191,7,140,6,563.11,0.56,11.3,ID21,20.26580325,20,9.885757682,1.635739834,0.79792187
ID54,2012,41,5/28/2012,28-May,19,20.699625,0.426208333,0.091958333,-0.173583333,11.85719794,1.37697727,1.540006781,1.508965347,First Quarter,FQ,7,1.516629655,0.5,0.479425539,0.877582562,22,440,105,8,160,5,366.29,0.37,7.3,ID54,13.49391322,13,6.582396691,0.615659791,0.300321849
ID110,2014,28,6/5/2014,5-Jun,11,20.21595833,-0.089395833,-0.657125,-1.765604167,NA,NA,NA,NA,First Quarter,FQ,9,1.949952414,0.5,0.479425539,0.877582562,21,420,963,143,2860,14,10438.65,10.44,208.8,ID110,#VALUE!,#VALUE!,#VALUE!,#VALUE!,#VALUE!
ID91,2013,44,6/16/2013,16-Jun,31,18.302875,0.467625,-0.654208333,-0.784958333,4.035192727,-0.809337929,-1.570813621,-0.49268933,First Quarter,FQ,8,1.733291034,0.5,0.479425539,0.877582562,15,300,54,146,2920,7,3672.56,3.67,73.5,ID91,723.6333423,724,352.9918743,18.21474338,8.885240672
ID202,2017,30,6/1/2017,1-Jun,13,15.36175,-1.006125,-1.41075,-1.13675,8.304624238,-0.627295404,-1.634786338,-7.991755056,First Quarter,FQ,8,1.733291034,0.5,-0.262374854,0.964966028,4,80,88,80,1600,18,3866.94,3.87,77.3,ID202,192.6637442,193,93.98231425,9.308067142,4.540520557
ID72,2013,15,5/18/2013,18-May,1,13.65658333,-1.206583333,-1.253791667,0.916958333,8.093299762,-0.920443964,-0.858409734,-0.707333462,First Quarter,FQ,8,1.733291034,0.5,0.479425539,0.877582562,67,1340,11,75,1500,6,5015.94,5.02,100.3,ID72,185.3384953,185,90.4090221,12.39296739,6.045349945
ID63,2012,50,6/11/2012,11-Jun,28,23.33925,1.430333333,3.188416667,4.183958333,14.67247278,-0.121662473,-0.076421893,3.032456872,Last Quarter,LQ,16,3.466582069,0.5,0.479425539,0.877582562,54,1080,20,41,820,7,2069.53,2.07,41.4,ID63,55.88696686,56,27.26193505,2.821610278,1.376395258
ID218,2017,46,6/17/2017,17-Jun,29,23.06579167,0.310625,0.252375,0.084375,8.262102093,0.819758176,0.074892035,1.392227596,Last Quarter,LQ,24,5.199873103,0.5,-0.262374854,0.964966028,14,280,17,4,80,4,29.51,0.03,0.6,ID218,9.682765851,10,4.723300415,0.072620744,0.035424753
ID78,2013,28,5/31/2013,31-May,15,19.23075,3.059666667,5.52625,5.529333333,7.017280658,-0.776256096,-0.725553841,-2.245757938,Last Quarter,LQ,21,4.549888966,0.5,0.479425539,0.877582562,5,100,9,65,1300,8,4609.34,4.61,92.2,ID78,185.2569483,185,90.36924307,13.13899279,6.409264778
ID6,2011,20,5/24/2011,24-May,6,17.53404167,-0.614375,0.111333333,1.25525,11.17089953,-0.65635757,0.188312315,1.208441497,Last Quarter,LQ,20,4.333227586,0.5,0.479425539,0.877582562,834,16680,1546,257,5140,10,17110.5,17.11,342.2,ID6,460.1240917,460,224.4507765,30.63316424,14.94300695
ID192,2017,20,5/18/2017,18-May,3,17.37520833,0.496541667,1.024291667,2.379375,7.620021619,-0.027538329,-0.059878772,-0.102857599,Last Quarter,LQ,22,4.766550345,0.5,-0.262374854,0.964966028,649,12980,391,158,3160,15,12058.02,12.06,241.2,ID192,414.6969862,415,202.2912128,31.6534535,15.44070903
ID232,2018,26,6/6/2018,6-Jun,13,16.56533333,-0.242833333,-1.000333333,-2.462875,7.541452729,-0.173492814,-0.371183006,-1.182822106,Last Quarter,LQ,22,4.766550345,0.5,0.479425539,0.877582562,290,5800,4,66,1320,8,6550.71,6.55,131,ID232,175.0325895,175,85.38175099,17.37065851,8.473491954
ID38,2012,25,5/12/2012,12-May,3,14.72441667,0.480083333,1.552291667,1.535916667,8.15966518,-1.838520207,-1.695054432,-3.029499242,Last Quarter,LQ,21,4.549888966,0.5,0.479425539,0.877582562,401,8020,1,82,1640,7,5167.08,5.17,103.3,ID38,200.9886391,201,98.04323858,12.65983318,6.175528381
ID141,2015,52,6/24/2015,24-Jun,19,20.08008333,0.357958333,-0.258166667,0.405541667,7.402534411,-0.739037524,0.836205088,-0.041953444,First Quarter,FQ,7,1.516629655,0.51,0.670229176,0.742154197,43,860,42,40,800,12,1168.18,1.17,23.4,ID141,108.0710951,108,52.71760735,3.16107953,1.541990015
ID135,2015,37,6/9/2015,9-Jun,13,17.68033333,0.77325,0.324916667,-0.233833333,8.534385916,-0.144121072,0.174988115,1.139069684,Last Quarter,LQ,22,4.766550345,0.52,0.986627592,-0.162990781,198,3960,49,42,840,10,1830.65,1.83,36.6,ID135,98.42535928,98,48.01237038,4.288533511,2.091967567
ID62,2012,49,6/10/2012,10-Jun,27,21.90891667,1.758083333,2.753625,4.109333333,14.79413525,0.04524058,3.154119345,-0.740461367,Waning Gibbous,WAG,15,3.24992069,0.58,0.548023937,0.83646265,79,1580,0,77,1540,8,3169.69,3.17,63.4,ID62,104.0953036,104,50.77819687,4.285481978,2.090479014
ID111,2014,29,6/6/2014,6-Jun,12,20.404875,0.188916667,0.099520833,-0.468208333,NA,NA,NA,NA,Waxing Gibbous,WXG,10,2.166613793,0.58,0.548023937,0.83646265,201,4020,425,197,3940,11,13255.94,13.26,265.1,ID111,#VALUE!,#VALUE!,#VALUE!,#VALUE!,#VALUE!
ID217,2017,45,6/16/2017,16-Jun,28,22.75516667,-0.05825,-0.22625,-0.054125,7.442343917,-0.744866142,0.57246942,0.117724305,Waning Gibbous,WAG,23,4.983211724,0.59,0.636738007,-0.771080223,16,320,85,38,760,9,1238.62,1.24,24.8,ID217,102.118366,102,49.81383707,3.332283522,1.625504157
ID55,2012,42,5/29/2012,29-May,20,20.58708333,-0.112541667,0.313666667,-0.020583333,13.28349625,1.426298311,2.803275581,2.966305091,Waxing Gibbous,WXG,8,1.733291034,0.59,0.556361023,0.830940679,478,9560,43,39,780,5,1161.62,1.16,23.2,ID55,58.71948057,59,28.64364906,1.74652814,0.851964946
ID142,2015,53,6/25/2015,25-Jun,20,20.26979167,0.189708333,0.547666667,-0.068458333,6.376682204,-1.025852207,-1.764889731,-0.189647119,First Quarter,FQ,8,1.733291034,0.6,-0.304810621,-0.95241298,36,720,44,67,1340,13,1943.66,1.94,38.9,ID142,210.1406275,210,102.5076232,6.100351053,2.975781002
ID92,2013,45,6/17/2013,17-Jun,32,18.29883333,-0.004041667,0.463583333,-0.65825,5.501753435,1.466560708,0.657222779,-0.104252913,Waxing Gibbous,WXG,9,1.949952414,0.6,0.564642473,0.825335615,57,1140,48,62,1240,5,1186.67,1.19,23.7,ID92,225.382692,225,109.9427766,4.307717581,2.101325649
ID5,2011,19,5/23/2011,23-May,5,18.14841667,0.725708333,1.869625,3.720125,11.8272571,0.844669884,1.864799067,-0.485795017,Waning Gibbous,WAG,19,4.116566207,0.61,0.57286746,0.819648018,299,5980,756,170,3400,9,11365.98,11.37,227.3,ID5,287.4715559,287,140.2300272,19.21831901,9.374789763
ID231,2018,25,6/5/2018,5-Jun,12,16.80816667,-0.7575,-2.220041667,-3.695958333,7.714945543,-0.197690192,-1.009329292,-0.747171847,Waning Gibbous,WAG,21,4.549888966,0.61,0.57286746,0.819648018,202,4040,7,78,1560,8,6300.75,6.3,126,ID231,202.204927,202,98.63654974,16.33193641,7.966798248
ID77,2013,27,5/30/2013,30-May,14,16.17108333,2.466583333,2.469666667,2.266458333,7.793536754,0.050702255,-1.469501842,-5.236720346,Waning Gibbous,WAG,20,4.333227586,0.62,0.581035161,0.813878457,13,260,16,120,2400,8,7609.96,7.61,152.2,ID77,307.9474795,308,150.2182827,19.52900266,9.526342761
ID203,2017,31,6/2/2017,2-Jun,14,15.49995833,0.138208333,-0.867916667,-1.272541667,7.744640855,-0.559983383,-1.187278787,-2.194769721,Waxing Gibbous,WXG,9,1.949952414,0.62,-0.739180697,0.673507162,8,160,84,64,1280,13,4099.36,4.1,82,ID203,165.2755788,165,80.62223357,10.58796677,5.164861838
ID37,2012,24,5/11/2012,11-May,2,14.24433333,1.072208333,1.055833333,0.659541667,9.998185387,0.143465774,-1.190979035,0.464392581,Waning Gibbous,WAG,20,4.333227586,0.63,0.589144758,0.808027508,423,8460,3,136,2720,10,8836.52,8.84,176.7,ID37,272.0493664,272,132.707008,17.673207,8.621076587
ID247,2018,41,6/21/2018,21-Jun,28,22.057,0.239458333,0.111916667,0.484208333,6.442140215,-0.134302221,-0.278212085,0.311635323,Waxing Gibbous,WXG,8,1.733291034,0.63,0.589144758,0.808027508,13,260,1,11,220,4,207.37,0.21,4.1,ID247,34.15014151,34,16.65860562,0.636434456,0.310455832
ID134,2015,36,6/8/2015,8-Jun,12,16.90708333,-0.448333333,-1.007083333,-0.412833333,8.678506988,0.319109187,1.283190756,0.300672834,Last Quarter,LQ,21,4.549888966,0.64,0.920026038,0.39185723,81,1620,18,55,1100,9,2274.86,2.27,45.5,ID134,126.7499123,127,61.82922553,5.242837283,2.557481602
ID191,2017,19,5/17/2017,17-May,2,16.87866667,0.52775,1.882833333,3.06975,7.647559948,-0.032340443,-0.07531927,-0.464466564,Waning Gibbous,WAG,21,4.549888966,0.64,0.920026038,0.39185723,161,3220,28,102,2040,16,5481.2,5.48,109.6,ID191,266.7517501,267,130.1228049,14.33136853,6.99091148
ID73,2013,16,5/19/2013,19-May,3,13.81066667,0.154083333,-1.0525,-1.099708333,6.551656274,-1.541643488,-2.462087453,-2.400053222,Waxing Gibbous,WXG,9,1.949952414,0.65,0.605186406,0.796083799,158,3160,51,28,560,9,1662.34,1.66,33.2,ID73,85.47456957,85,41.69491199,5.06742091,2.471912639
ID61,2012,48,6/9/2012,9-Jun,26,20.15083333,0.995541667,2.35125,3.604708333,14.74889467,3.108878764,-0.785701947,-5.292682044,Waning Gibbous,WAG,14,3.03325931,0.68,0.628793024,0.777572719,106,2120,1,97,1940,10,3724.79,3.72,74.5,ID61,131.5352807,132,64.16355155,5.051225985,2.464012675
ID112,2014,30,6/7/2014,7-Jun,13,20.6591875,0.2543125,0.443229167,0.353833333,NA,NA,NA,NA,Waxing Gibbous,WXG,11,2.383275172,0.68,0.628793024,0.777572719,391,7820,164,128,2560,13,8881.94,8.88,177.6,ID112,#VALUE!,#VALUE!,#VALUE!,#VALUE!,#VALUE!
ID216,2017,44,6/15/2017,15-Jun,27,22.81341667,-0.168,0.004125,0.869333333,8.187210059,1.317335562,0.862590447,1.467198918,Waning Gibbous,WAG,22,4.766550345,0.69,-0.114784814,0.99339038,149,2980,30,64,1280,9,2749.52,2.75,55,ID216,156.3414143,156,76.26410455,6.717795147,3.276973242
ID230,2018,24,6/4/2018,4-Jun,11,17.56566667,-1.462541667,-2.938458333,-3.828291667,7.912635735,-0.8116391,-0.549481655,-0.109431669,Waning Gibbous,WAG,20,4.333227586,0.7,0.644217687,0.764842187,326,6520,11,101,2020,7,6276.19,6.28,125.5,ID230,255.2878797,255,124.530673,15.86070738,7.736930429
ID143,2015,54,6/26/2015,26-Jun,21,20.62841667,0.358625,0.548333333,0.906291667,7.120396822,0.743714618,-0.282137589,-1.021175114,Waxing Gibbous,WXG,9,1.949952414,0.7,0.773890682,0.633319203,13,260,34,11,220,7,500.86,0.5,10,ID143,30.8971544,31,15.07178263,1.404416109,0.685081029
ID56,2012,43,5/30/2012,30-May,21,19.72991667,-0.857166667,-0.969708333,-0.5435,12.85888562,-0.424610634,1.001687677,2.378664947,Waxing Gibbous,WXG,9,1.949952414,0.7,0.644217687,0.764842187,4876,97520,15,66,1320,7,2128.96,2.13,42.6,ID56,102.6527523,103,50.0745133,3.312884278,1.616041111
ID93,2013,46,6/18/2013,18-Jun,33,17.152625,-1.146208333,-1.15025,-0.682625,6.659005508,1.157252073,2.623812781,1.814474853,Waxing Gibbous,WXG,10,2.166613793,0.7,0.644217687,0.764842187,182,3640,29,50,1000,7,1281.51,1.28,25.6,ID93,150.1725744,150,73.25491434,3.844417904,1.875325807
ID204,2017,32,6/3/2017,3-Jun,15,17.04870833,1.54875,1.686958333,0.680833333,7.361772874,-0.382867981,-0.942851364,-1.570146768,Waxing Gibbous,WXG,10,2.166613793,0.71,0.951054653,-0.309022728,26,520,156,59,1180,14,2437.62,2.44,48.8,ID204,160.287477,160,78.18901316,6.628838031,3.233579527
ID76,2013,26,5/29/2013,29-May,13,13.7045,0.003083333,-0.200125,0.401583333,7.742834499,-1.520204097,-5.287422601,-8.346440502,Waning Gibbous,WAG,19,4.116566207,0.73,0.666869635,0.745174402,12,240,3,81,1620,7,5469.88,5.47,109.4,ID76,209.2257041,209,102.0613191,14.12919261,6.892289079
ID248,2018,42,6/22/2018,22-Jun,29,21.44329167,-0.613708333,-0.37425,-0.501791667,5.59993141,-0.842208805,-0.976511026,-1.12042089,Waxing Gibbous,WXG,9,1.949952414,0.73,0.666869635,0.745174402,28,560,0,3,60,2,70.07,0.07,1.4,ID248,10.71441695,11,5.226544852,0.250003062,0.121952713
ID133,2015,35,6/7/2015,7-Jun,11,17.35541667,-0.55875,0.0355,-0.428125,8.359397801,0.964081569,-0.018436353,-0.7702786,Waning Gibbous,WAG,20,4.333227586,0.74,-0.98514626,0.171717342,87,1740,17,16,320,7,1146.07,1.15,22.9,ID133,38.28026942,38,18.67330216,2.73943178,1.336308185
ID74,2013,17,5/20/2013,20-May,4,16.41045833,2.599791667,2.753875,1.547291667,5.782657938,-0.768998336,-2.310641824,-3.231085788,Waxing Gibbous,WXG,10,2.166613793,0.75,0.68163876,0.731688869,734,14680,171,45,900,6,3022.17,3.02,60.4,ID74,155.6377724,156,75.92086458,10.44502384,5.095133579
ID33,2011,47,6/20/2011,20-Jun,33,20.36470833,-0.807125,-0.375,0.423583333,6.307798149,-0.341060866,0.048633797,-0.102642395,Waning Gibbous,WAG,19,4.116566207,0.76,0.688921445,0.724836011,30,600,0,47,940,7,2164.01,2.16,43.3,ID33,149.0218897,149,72.69360473,6.864518962,3.348545835
ID221,2018,15,5/24/2018,24-May,1,17.40695833,1.183083333,1.429833333,1.84325,8.491429605,-0.191351534,-0.552818617,-0.63645937,Waxing Gibbous,WXG,11,2.383275172,0.76,0.688921445,0.724836011,436,8720,3469,52,1040,5,3313.54,3.31,66.3,ID221,122.4764319,122,59.74460094,7.807872535,3.80871831
ID113,2014,31,6/8/2014,8-Jun,14,20.03539583,-0.623791667,-0.369479167,-0.1805625,NA,NA,NA,NA,Waxing Gibbous,WXG,12,2.599936552,0.77,0.696135239,0.71791067,670,13400,47,90,1800,11,6022.47,6.02,120.4,ID113,#VALUE!,#VALUE!,#VALUE!,#VALUE!,#VALUE!
ID215,2017,43,6/14/2017,14-Jun,26,22.98141667,0.172125,1.037333333,1.340041667,6.869874497,-0.454745115,0.149863356,0.157223289,Waning Gibbous,WAG,21,4.549888966,0.78,0.513978456,-0.857803093,96,1920,27,75,1500,11,2756.01,2.76,55.1,ID215,218.3446001,218,106.509561,8.020524978,3.912451209
ID60,2012,47,6/8/2012,8-Jun,25,19.15529167,1.355708333,2.609166667,3.408,11.64001591,-3.894580712,-8.401560809,-11.88090534,Waning Gibbous,WAG,13,2.816597931,0.78,0.703279419,0.710913538,132,2640,1,63,1260,7,2817.59,2.82,56.4,ID60,108.2472747,108,52.80354865,4.845354202,2.363587416
ID144,2015,55,6/27/2015,27-Jun,22,21.20929167,0.580875,0.9395,1.129208333,6.467984295,-0.652412527,0.09130209,-0.934550117,Waxing Gibbous,WXG,10,2.166613793,0.78,0.513978456,-0.857803093,15,300,21,22,440,9,908.4,0.91,18.2,ID144,68.02737606,68,33.18408588,2.813859646,1.372614462
ID3,2011,17,5/21/2011,21-May,3,16.27879167,1.8505,2.621166667,2.633041667,9.962458038,-2.350594084,-2.7328102,-3.699593616,Waning Gibbous,WAG,17,3.683243448,0.79,0.710353272,0.703845316,7,140,0,261,5220,6,16816.12,16.82,336.3,ID3,523.9670752,524,255.5936952,33.75672939,16.46669726
ID57,2012,44,5/31/2012,31-May,22,18.99254167,-0.737375,-1.594541667,-1.707083333,11.89832624,-0.960559377,-1.385170011,0.0411283,Waxing Gibbous,WXG,10,2.166613793,0.8,0.717356091,0.696706709,6095,121900,8,40,800,4,1082.2,1.08,21.6,ID57,67.23634769,67,32.79821839,1.815381388,0.885551896
ID94,2013,47,6/19/2013,19-Jun,34,17.45825,0.305625,-0.840583333,-0.844625,6.538010849,-0.120994659,1.036257414,2.502818122,Waxing Gibbous,WXG,11,2.383275172,0.8,0.717356091,0.696706709,435,8700,17,36,720,7,1394.57,1.39,27.9,ID94,110.1252379,110,53.71962823,4.267352968,2.081635594
ID205,2017,33,6/4/2017,4-Jun,16,17.26429167,0.215583333,1.764333333,1.902541667,10.03299108,2.67121821,2.288350229,1.728366846,Waxing Gibbous,WXG,11,2.383275172,0.8,-0.993888654,-0.110387244,35,700,84,41,820,9,1410.8,1.41,28.2,ID205,81.73036271,82,39.86846961,2.810727108,1.371086394
ID190,2017,18,5/15/2017,15-May,1,14.99583333,1.186916667,1.203666667,1.52025,7.722879218,-0.389147294,-0.118111834,-0.040810391,Waning Gibbous,WAG,19,4.116566207,0.81,-0.629887994,0.776685982,15,300,0,113,2260,15,10026.58,10.03,200.5,ID190,292.6369734,293,142.7497431,25.96181998,12.66430243
ID249,2018,43,6/23/2018,23-Jun,30,20.38854167,-1.05475,-1.668458333,-1.429,5.749609526,0.149678117,-0.692530689,-0.826832909,Waxing Gibbous,WXG,10,2.166613793,0.81,0.724287174,0.689498433,0,0,0,3,60,2,219.36,0.22,4.4,ID249,10.43549127,10,5.090483545,0.76526936,0.373302127
ID75,2013,25,5/28/2013,28-May,12,13.70141667,-0.203208333,0.3985,1.279166667,9.263038596,-3.767218504,-6.826236405,-7.764061187,Waning Gibbous,WAG,18,3.899904828,0.83,0.737931371,0.67487576,4,80,6,25,500,4,1962.24,1.96,39.2,ID75,53.9779679,54,26.33071605,4.231872683,2.064328138
ID36,2012,23,5/9/2012,9-May,1,13.1885,-0.396291667,-0.477125,-0.68925,11.18916442,1.655371616,-0.989464342,-1.268536818,Waning Gibbous,WAG,18,3.899904828,0.83,0.737931371,0.67487576,152,3040,0,71,1420,6,4791.31,4.79,95.8,ID36,126.9084935,127,61.90658219,8.561854702,4.176514489
ID32,2011,46,6/19/2011,19-Jun,32,21.17183333,0.432125,1.230708333,1.735125,6.648859015,0.389694663,0.238418472,-0.785628963,Waning Gibbous,WAG,18,3.899904828,0.84,0.74464312,0.667462826,28,560,3,64,1280,3,3542.12,3.54,70.8,ID32,192.514234,193,93.90938242,10.64844357,5.194362715
ID132,2015,34,6/6/2015,6-Jun,10,17.91416667,0.59425,0.130625,0.495791667,7.395316232,-0.982517922,-1.734360169,-4.244521001,Waning Gibbous,WAG,19,4.116566207,0.84,0.73319032,-0.680023496,512,10240,50,119,2380,18,5024.18,5.02,100.5,ID132,321.8253183,322,156.9879601,13.58968256,6.629113442
ID214,2017,42,6/13/2017,13-Jun,25,22.80929167,0.865208333,1.167916667,1.325125,7.324619611,0.604608471,0.611968404,-0.048600442,Waning Gibbous,WAG,20,4.333227586,0.85,-0.17607562,-0.984376643,77,1540,42,70,1400,10,1978.8,1.98,39.6,ID214,191.1362056,191,93.23717347,5.406424102,2.63728005
ID114,2014,32,6/9/2014,9-Jun,15,20.73347917,0.698083333,0.074291667,0.328604167,NA,NA,NA,NA,Waxing Gibbous,WXG,13,2.816597931,0.85,0.751280405,0.659983146,2195,43900,11,85,1700,14,5170.52,5.17,103.4,ID114,#VALUE!,#VALUE!,#VALUE!,#VALUE!,#VALUE!
ID222,2018,16,5/25/2018,25-May,3,19.11941667,1.712458333,2.895541667,3.142291667,7.783268453,-0.708161152,-0.899512686,-1.260979768,Waxing Gibbous,WXG,12,2.599936552,0.85,0.751280405,0.659983146,270,5400,16897,19,380,6,944.99,0.94,18.9,ID222,48.82267678,49,23.81593989,2.428285766,1.184529642
ID149,2015,63,7/5/2015,5-Jul,27,20.847125,0.540791667,1.041458333,1.643791667,6.776826719,-0.189108576,-1.294294678,-2.419646935,Waning Gibbous,WAG,18,3.899904828,0.86,-0.923458447,-0.383698445,35,700,0,78,1560,13,3175.84,3.18,63.5,ID149,230.1962356,230,112.2908466,9.370167282,4.570813308
ID59,2012,46,6/7/2012,7-Jun,24,17.79958333,1.253458333,2.052291667,2.988,15.53459662,-4.506980097,-7.98632463,-8.242056756,Waning Gibbous,WAG,12,2.599936552,0.86,0.757842563,0.652437468,129,2580,3,177,3540,9,8776.85,8.78,175.5,ID59,227.8784629,228,111.1602258,11.29736448,5.5109095
ID145,2015,56,6/28/2015,28-Jun,23,21.053625,-0.155666667,0.425208333,0.783833333,5.793615971,-0.674368323,-1.326780851,-0.583066233,Waxing Gibbous,WXG,11,2.383275172,0.86,-0.923458447,-0.383698445,21,420,17,14,280,9,1052.78,1.05,21.1,ID145,48.3290576,48,23.57515005,3.641939698,1.77655595
ID206,2017,34,6/5/2017,5-Jun,17,17.81933333,0.555041667,0.770625,2.319375,8.659893498,-1.373097585,1.298120624,0.915252643,Waxing Gibbous,WXG,12,2.599936552,0.87,-0.821817837,0.569750334,19,380,108,48,960,15,2167.31,2.17,43.3,ID206,110.8558668,111,54.07603258,5.000061492,2.439054386
ID25,2011,39,6/12/2011,12-Jun,25,15.91454167,-1.103666667,-2.990708333,-4.188208333,12.43672763,0.299001103,1.242911811,0.823379261,Waxing Gibbous,WXG,11,2.383275172,0.87,0.764328937,0.644826547,107,2140,0,36,720,6,960.45,0.96,19.2,ID25,57.8930424,58,28.24050849,1.543814464,0.753080226
ID250,2018,44,6/24/2018,24-Jun,31,20.269625,-0.118916667,-1.173666667,-1.787375,6.728509006,0.97889948,1.128577597,0.286368792,Waxing Gibbous,WXG,11,2.383275172,0.88,0.770738879,0.637151144,0,0,0,2,40,2,111.56,0.11,2.2,ID250,5.944853453,6,2.899928514,0.32696694,0.159496068
ID95,2013,48,6/20/2013,20-Jun,35,17.87470833,0.416458333,0.722083333,-0.424125,6.014135404,-0.523875445,-0.644870105,0.512381969,Waxing Gibbous,WXG,12,2.599936552,0.89,0.777071748,0.629412027,484,9680,10,32,640,5,498.67,0.5,10,ID95,106.4159612,106,51.91022499,1.662749394,0.811097265
ID58,2012,45,6/1/2012,1-Jun,23,17.70816667,-1.284375,-2.02175,-2.878916667,11.94804828,0.049722045,-0.910837332,-1.335447965,Waxing Gibbous,WXG,11,2.383275172,0.89,0.777071748,0.629412027,1131,22620,17,145,2900,9,5442.32,5.44,108.8,ID58,242.7174658,243,118.3987638,9.106089752,4.441995001
ID213,2017,41,6/12/2017,12-Jun,24,21.94408333,0.302708333,0.459916667,1.12575,6.720011141,0.007359933,-0.653208913,-0.21802577,Waning Gibbous,WAG,19,4.116566207,0.91,0.105987512,-0.994367461,175,3500,52,44,880,10,1630.78,1.63,32.6,ID213,130.9521638,131,63.87910432,4.851182433,2.366430455
ID229,2018,23,6/1/2018,1-Jun,10,21.39395833,-1.366708333,-1.952791667,-1.773708333,8.022067404,0.5288723,1.136910283,0.473004748,Waning Gibbous,WAG,19,4.116566207,0.91,0.78950374,0.613745749,18,360,198,121,2420,9,7590.86,7.59,151.8,ID229,301.6678717,302,147.1550593,18.92280286,9.230635541
ID31,2011,45,6/18/2011,18-Jun,31,20.73970833,0.798583333,1.303,1.409708333,6.259164352,-0.151276192,-1.175323626,-1.90828474,Waning Gibbous,WAG,17,3.683243448,0.91,0.78950374,0.613745749,66,1320,6,71,1420,5,3242.82,3.24,64.9,ID31,226.8673452,227,110.6669977,10.36879627,5.057949401
ID131,2015,33,6/5/2015,5-Jun,9,17.31991667,-0.463625,-0.098458333,0.74675,8.377834154,-0.751842247,-3.262003079,-6.127275528,Waning Gibbous,WAG,18,3.899904828,0.91,0.105987512,-0.994367461,191,3820,156,84,1680,13,4490.71,4.49,89.8,ID131,200.5291546,201,97.81909979,10.71876076,5.228663786
ID223,2018,17,5/26/2018,26-May,4,21.03395833,1.914541667,3.627,4.810083333,7.377331195,-0.405937259,-1.11409841,-1.305449945,Waxing Gibbous,WXG,13,2.816597931,0.91,0.78950374,0.613745749,279,5580,13345,29,580,12,2674.6,2.67,53.5,ID223,78.61921672,79,38.35083742,7.25194499,3.537534142
ID115,2014,33,6/10/2014,10-Jun,16,20.654875,-0.078604167,0.619479167,-0.0043125,NA,NA,NA,NA,Waxing Gibbous,WXG,14,3.03325931,0.92,0.79560162,0.605820157,3233,64660,2,72,1440,10,4956.41,4.96,99.1,ID115,#VALUE!,#VALUE!,#VALUE!,#VALUE!,#VALUE!
ID146,2015,57,6/29/2015,29-Jun,24,21.38175,0.328125,0.172458333,0.753333333,6.1140047,0.320388729,-0.353979595,-1.006392122,Waxing Gibbous,WXG,12,2.599936552,0.93,-0.948282141,0.317428702,3,60,5,15,300,10,715.25,0.72,14.3,ID146,49.06767572,49,23.93545157,2.338892543,1.140923192
ID207,2017,35,6/6/2017,6-Jun,18,18.54854167,0.729208333,1.28425,1.499833333,7.796490163,-0.863403336,-2.236500921,0.434717289,Waxing Gibbous,WXG,13,2.816597931,0.93,-0.948282141,0.317428702,33,660,90,21,420,7,649.63,0.65,13,ID207,53.8703944,54,26.27824117,1.667416969,0.813374131
ID1,2011,15,5/19/2011,19-May,1,13.657625,0.011875,0.185583333,0.617916667,12.69526824,-0.966783416,-6.018770532,-5.335539879,Waning Gibbous,WAG,15,3.24992069,0.94,0.8075581,0.589788025,0,0,0,71,1420,7,4565.15,4.57,91.3,ID1,111.8526976,112,54.56229154,7.191655842,3.508124801
ID26,2011,40,6/13/2011,13-Jun,26,16.613625,0.699083333,-0.404583333,-2.291625,13.28567374,0.848946107,1.147947211,2.091857918,Waxing Gibbous,WXG,12,2.599936552,0.94,0.8075581,0.589788025,66,1320,71,94,1880,6,1997.46,2,39.9,ID26,141.5058082,142,69.02722351,3.003234972,1.464992669
ID96,2013,49,6/21/2013,21-Jun,36,18.66754167,0.792833333,1.209291667,1.514916667,5.357869215,-0.656266189,-1.180141634,-1.301136294,Waxing Gibbous,WXG,13,2.816597931,0.95,0.813415505,0.581683089,249,4980,5,36,720,8,1087.43,1.09,21.7,ID96,134.3817796,134,65.55208761,4.050117524,1.975667085
ID228,2018,22,5/31/2018,31-May,9,22.76066667,-0.586083333,-0.407,0.3425,7.493195103,0.608037983,-0.055867552,-0.628314901,Waning Gibbous,WAG,18,3.899904828,0.96,0.819191568,0.573519986,29,580,554,72,1440,10,4846.56,4.85,96.9,ID228,192.1743636,192,93.74359198,12.93173322,6.308162544
ID212,2017,40,6/11/2017,11-Jun,23,21.641375,0.157208333,0.823041667,1.318916667,6.712651207,-0.660568846,-0.225385703,-0.308075983,Waning Gibbous,WAG,18,3.899904828,0.96,0.983587745,-0.180430449,246,4920,152,156,3120,10,3688.76,3.69,73.8,ID212,464.7939992,465,226.7287801,10.99416575,5.363007684
ID30,2011,44,6/17/2011,17-Jun,30,19.941125,0.504416667,0.611125,1.673833333,6.410440544,-1.024047435,-1.757008548,-4.602677998,Waning Gibbous,WAG,16,3.466582069,0.96,0.819191568,0.573519986,128,2560,17,92,1840,3,3938.04,3.94,78.8,ID30,287.0317551,287,140.0154903,12.2924469,5.996315562
ID224,2018,18,5/27/2018,27-May,5,21.82404167,0.790083333,2.704625,4.417083333,7.534462504,0.157131309,-0.248805949,-0.956967101,Waxing Gibbous,WXG,14,3.03325931,0.96,0.819191568,0.573519986,64,1280,5722,52,1040,10,2858.59,2.86,57.2,ID224,138.0324077,138,67.3328818,7.591782422,3.703308499
ID130,2015,32,6/4/2015,4-Jun,8,17.78354167,0.365166667,1.210375,1.503791667,9.129676401,-2.510160832,-5.375433281,-7.025463919,Waning Gibbous,WAG,17,3.683243448,0.97,0.379607739,-0.925147537,79,1580,550,106,2120,11,5299.25,5.3,106,ID130,232.2097637,232,113.2730555,11.61048819,5.663652774
ID147,2015,58,6/30/2015,30-Jun,25,20.90920833,-0.472541667,-0.144416667,-0.300083333,7.384841629,1.270836929,1.591225658,0.916857334,Waxing Gibbous,WXG,13,2.816597931,0.97,0.379607739,-0.925147537,16,320,4,28,560,12,845.82,0.85,16.9,ID147,75.83101008,76,36.99073662,2.288471554,1.116327587
ID116,2014,34,6/11/2014,11-Jun,17,20.09679167,-0.558083333,-0.6366875,0.061395833,NA,NA,NA,NA,Waxing Gibbous,WXG,15,3.24992069,0.97,0.824885713,0.565299531,2667,53340,1,69,1380,9,5733.29,5.73,114.7,ID116,#VALUE!,#VALUE!,#VALUE!,#VALUE!,#VALUE!
ID208,2017,36,6/7/2017,7-Jun,19,19.82220833,1.273666667,2.002875,2.557916667,7.300722347,-0.495767816,-1.359171151,-2.732268737,Waxing Gibbous,WXG,14,3.03325931,0.97,0.379607739,-0.925147537,51,1020,64,18,360,11,501.98,0.5,10,ID208,49.31018917,49,24.05375081,1.369727477,0.668159745
ID99,2013,52,6/24/2013,24-Jun,39,21.677625,2.113458333,2.827833333,3.010083333,4.175616204,-0.296685764,-0.731549011,-1.182253011,Waning Gibbous,WAG,16,3.466582069,0.98,0.83049737,0.557022547,61,1220,0,13,260,3,428.33,0.43,8.6,ID99,62.26625899,62,30.37378487,2.059576259,1.004671346
ID148,2015,62,7/3/2015,3-Jul,26,19.80566667,0.602333333,0.789583333,-1.103541667,8.071121397,-1.125352257,-2.36326442,0.686279768,Waning Gibbous,WAG,16,3.466582069,0.98,-0.573381872,-0.819288245,41,820,0,60,1200,12,3008.22,3.01,60.2,ID148,148.6782246,149,72.52596323,7.458690935,3.638385822
ID27,2011,41,6/14/2011,14-Jun,27,18.26729167,1.653666667,2.35275,1.249083333,11.01311854,-2.272555194,-1.423609087,-1.124607983,Waxing Gibbous,WXG,13,2.816597931,0.98,0.83049737,0.557022547,144,2880,100,71,1420,2,1131.47,1.13,22.6,ID27,128.9371394,129,62.89616554,2.052098134,1.00102348
ID227,2018,21,5/30/2018,30-May,8,23.34675,0.179083333,0.928583333,1.522708333,6.885157121,-0.663905535,-1.236352884,-0.649305384,Waning Gibbous,WAG,17,3.683243448,0.99,0.836025979,0.548689861,26,520,916,67,1340,13,3782.02,3.78,75.6,ID227,194.6215571,195,94.93734494,10.98014158,5.356166625
ID211,2017,39,6/10/2017,10-Jun,22,21.48416667,0.665833333,1.161708333,1.661958333,7.373220053,0.435183143,0.352492863,0.072497706,Waning Gibbous,WAG,17,3.683243448,0.99,-0.999206834,0.03982088,942,18840,185,111,2220,13,2313.48,2.31,46.3,ID211,301.0896168,301,146.8729838,6.279481647,3.063161779
ID29,2011,43,6/16/2011,16-Jun,29,19.43670833,0.106708333,1.169416667,2.823083333,7.434487978,-0.732961114,-3.578630563,-5.851185757,Waning Gibbous,WAG,15,3.24992069,0.99,0.836025979,0.548689861,99,1980,65,38,760,5,809.32,0.81,16.2,ID29,102.2262733,102,49.86647479,2.179033721,1.062943278
ID225,2018,19,5/28/2018,28-May,6,22.41816667,0.594125,1.384208333,3.29875,8.121510005,0.587047501,0.74417881,0.338241551,Waxing Gibbous,WXG,15,3.24992069,0.99,0.836025979,0.548689861,75,1500,2771,70,1400,10,4238.97,4.24,84.8,ID225,172.3817368,172,84.08865209,10.44140806,5.093369784
ID209,2017,37,6/8/2017,8-Jun,20,20.32245833,0.50025,1.773916667,2.503125,7.02072719,-0.279995157,-0.775762972,-1.639166308,Waxing Gibbous,WXG,15,3.24992069,0.99,-0.999206834,0.03982088,288,5760,50,43,860,11,1506.42,1.51,30.1,ID209,122.4944335,122,59.7533822,4.287305173,2.091368377
ID97,2013,50,6/22/2013,22-Jun,37,18.84979167,0.18225,0.975083333,1.391541667,4.907165215,-0.450704,-1.106970189,-1.630845634,Waxing Gibbous,WXG,14,3.03325931,0.99,0.836025979,0.548689861,166,3320,2,19,380,7,655.88,0.66,13.1,ID97,77.43778401,77,37.77452878,2.669565712,1.302227176
ID226,2018,20,5/29/2018,29-May,7,23.16766667,0.7495,1.343625,2.133708333,7.549062655,-0.57244735,0.014600151,0.171731461,Full Moon,FM,16,3.466582069,1,0.841470985,0.540302306,9,180,1484,36,720,10,1751.12,1.75,35,ID226,95.37607951,95,46.52491683,4.636337198,2.261627902
ID210,2017,38,6/9/2017,9-Jun,21,20.81833333,0.495875,0.996125,2.269791667,6.938036911,-0.08269028,-0.362685436,-0.858453252,Full Moon,FM,16,3.466582069,1,-0.506365641,0.862318872,442,8840,32,40,800,9,1255.66,1.26,25.1,ID210,115.3063915,115,56.24702022,3.617738032,1.764750259
ID117,2014,35,6/12/2014,12-Jun,18,20.04345833,-0.053333333,-0.611416667,-0.690020833,NA,NA,NA,NA,Full Moon,FM,16,3.466582069,1,0.841470985,0.540302306,738,14760,0,70,1400,16,4569.3,4.57,91.4,ID117,#VALUE!,#VALUE!,#VALUE!,#VALUE!,#VALUE!
ID98,2013,51,6/23/2013,23-Jun,38,19.56416667,0.714375,0.896625,1.689458333,4.472301969,-0.434863246,-0.885567246,-1.541833435,Full Moon,FM,15,3.24992069,1,-0.506365641,0.862318872,66,1320,0,24,480,6,725.42,0.73,14.5,ID98,107.3272787,107,52.35477011,3.242178212,1.581550347
ID28,2011,42,6/15/2011,15-Jun,28,19.33,1.062708333,2.716375,3.415458333,8.167449092,-2.84566945,-5.118224643,-4.269278536,Full Moon,FM,14,3.03325931,1,0.841470985,0.540302306,136,2720,82,43,860,6,971.86,0.97,19.4,ID28,105.2960343,105,51.36391919,2.375282635,1.158674456
ID118,2014,36,6/13/2014,13-Jun,19,18.8954375,-1.148020833,-1.201354167,-1.7594375,NA,NA,NA,NA,Full Moon,FM,17,3.683243448,1,0.841470985,0.540302306,358,7160,0,81,1620,12,5122.89,5.12,102.5,ID118,#VALUE!,#VALUE!,#VALUE!,#VALUE!,#VALUE!
ID172,2016,37,6/12/2016,12-Jun,23,19.14370833,-0.154375,0.999791667,2.126125,7.157834477,-1.497816851,-0.229841074,-0.346663645,First Quarter,FQ,9,1.949952414,NA,NA,NA,66,1320,0,53,1060,13,1642.51,1.64,32.9,ID172,148.089482,148,72.23877171,4.596362225,2.242127914
ID180,2016,45,6/20/2016,20-Jun,31,22.26341667,0.569375,2.092708333,2.588166667,6.637867978,-1.714237599,-2.818796347,-3.521612887,Full Moon,FM,17,3.683243448,NA,NA,NA,48,960,26,29,580,10,871.5,0.87,17.4,ID180,87.37745341,87,42.62314801,2.621323602,1.27869444
ID187,2016,52,6/27/2016,27-Jun,38,22.26229167,-0.73075,-0.3995,0.3205,6.698886747,-1.047435413,-0.536235782,-1.0590748,Last Quarter,LQ,24,5.199873103,NA,NA,NA,11,220,0,82,1640,14,3879.32,3.88,77.6,ID187,244.8167975,245,119.422828,11.58401432,5.650738692
ID159,2016,24,5/29/2016,29-May,10,21.92766667,0.4935,1.600625,2.237166667,8.998975873,-1.808756534,-0.002273279,-0.280077907,Last Quarter,LQ,23,4.983211724,NA,NA,NA,9,180,248,125,2500,15,4391.73,4.39,87.8,ID159,277.8093902,278,135.5167757,9.756665785,4.759349163
ID165,2016,30,6/4/2016,4-Jun,16,20.48916667,0.568333333,0.5685,-0.352083333,8.050912001,-0.47530184,0.188090486,0.380648809,New Moon,NM,1,0.216661379,NA,NA,NA,673,13460,86,64,1280,12,2156.13,2.16,43.1,ID165,158.9881991,159,77.55521906,5.353430766,2.611429642
ID161,2016,26,5/31/2016,31-May,12,21.75325,0.275416667,-0.174416667,0.319083333,8.735269553,-0.091117391,-0.26370632,-2.072462854,Waning Crescent,WNC,25,5.416534483,NA,NA,NA,13,260,72,117,2340,15,4913.38,4.91,98.3,ID161,267.8795412,268,130.6729469,11.2532303,5.489380633
ID188,2016,53,6/29/2016,29-Jun,39,21.56391667,-0.229333333,-0.698375,-1.429125,6.841920247,-0.0165949,0.143033499,-0.904401913,Waning Crescent,WNC,26,5.633195862,NA,NA,NA,19,380,0,66,1320,17,1920.32,1.92,38.4,ID188,192.9282939,193,94.11136286,5.612459458,2.737785101
ID160,2016,25,5/30/2016,30-May,11,21.47783333,-0.449833333,0.043666667,1.150791667,8.826386944,-0.172588929,-1.981345463,-0.174862208,Waning Crescent,WNC,24,5.199873103,NA,NA,NA,12,240,129,49,980,12,1206.11,1.21,24.1,ID160,111.030709,111,54.16132145,2.730449067,1.331926374
ID189,2016,54,7/1/2016,1-Jul,40,21.056,-0.423458333,-0.507916667,-0.73725,6.424769863,-0.046415557,-0.417150384,-0.433745284,Waning Crescent,WNC,28,6.066518621,NA,NA,NA,4,80,0,41,820,12,1621.62,1.62,32.4,ID189,127.6310308,128,62.25903939,5.042982191,2.459991313
ID162,2016,27,6/1/2016,1-Jun,13,20.84125,-0.912,-0.636583333,-1.086416667,7.670263192,-1.065006361,-1.156123752,-1.328712681,Waning Crescent,WNC,26,5.633195862,NA,NA,NA,53,1060,43,91,1820,15,2786.8,2.79,55.7,ID162,237.2799935,237,115.7463383,7.261810789,3.542346726
ID164,2016,29,6/3/2016,3-Jun,15,19.92083333,0.000166667,-0.920416667,-1.832416667,8.526213841,0.663392326,0.855950649,-0.209055712,Waning Crescent,WNC,28,6.066518621,NA,NA,NA,1204,24080,167,124,2480,13,4980.12,4.98,99.6,ID164,290.8676754,291,141.8866709,11.68162116,5.698351784
ID163,2016,28,6/2/2016,2-Jun,14,19.92066667,-0.920583333,-1.832583333,-1.557166667,7.862821516,0.192558323,-0.872448038,-0.963565429,Waning Crescent,WNC,27,5.849857241,NA,NA,NA,190,3800,134,105,2100,16,3266.43,3.27,65.3,ID163,267.0796985,267,130.2827798,8.304906816,4.051174057
ID186,2016,51,6/26/2016,26-Jun,37,22.99304167,0.33125,1.05125,1.015541667,7.74632216,0.511199631,-0.011639387,0.422865806,Waning Gibbous,WAG,23,4.983211724,NA,NA,NA,9,180,0,74,1480,15,2494.52,2.49,49.9,ID186,191.0584106,191,93.19922469,6.441766682,3.142325211
ID185,2016,50,6/25/2016,25-Jun,36,22.66179167,0.72,0.684291667,0.680833333,7.235122529,-0.522839018,-0.088333825,-0.065473022,Waning Gibbous,WAG,22,4.766550345,NA,NA,NA,8,160,0,76,1520,14,2567.57,2.57,51.4,ID185,210.0862831,210,102.4811137,7.104233521,3.465479766
ID182,2016,47,6/22/2016,22-Jun,33,21.98095833,0.023666667,-0.282458333,0.286916667,7.300595551,0.431527618,0.662727573,-1.051510026,Waning Gibbous,WAG,19,4.116566207,NA,NA,NA,11,220,9,64,1280,15,2341.88,2.34,46.8,ID182,175.3281621,175,85.52593272,6.410435926,3.127041915
ID183,2016,48,6/23/2016,23-Jun,34,21.9775,-0.003458333,0.020208333,-0.285916667,7.323456354,0.022860803,0.454388421,0.685588376,Waning Gibbous,WAG,20,4.333227586,NA,NA,NA,13,260,6,46,920,13,1448.24,1.45,29,ID183,125.6237432,126,61.27987471,3.95987886,1.931648225
ID181,2016,46,6/21/2016,21-Jun,32,21.95729167,-0.306125,0.26325,1.786583333,6.869067934,0.231199955,-1.483037644,-2.587596391,Waning Gibbous,WAG,18,3.899904828,NA,NA,NA,31,620,18,58,1160,14,1655.33,1.66,33.1,ID181,168.8729841,169,82.37706541,4.818703253,2.350586953
ID184,2016,49,6/24/2016,24-Jun,35,21.94179167,-0.035708333,-0.039166667,-0.0155,7.757961547,0.434505193,0.457365996,0.888893613,Waning Gibbous,WAG,21,4.549888966,NA,NA,NA,10,200,1,56,1120,14,1696.45,1.7,33.9,ID184,144.3678205,144,70.42332707,4.369704567,2.131563203
ID158,2016,23,5/28/2016,28-May,9,21.43416667,1.107125,1.743666667,2.667666667,10.80773241,1.806483255,1.528678627,1.924090696,Waning Gibbous,WAG,22,4.766550345,NA,NA,NA,8,160,296,182,3640,17,9427.02,9.43,188.5,ID158,336.7959033,337,164.2906846,17.44121642,8.50791045
ID157,2016,22,5/27/2016,27-May,8,20.32704167,0.636541667,1.560541667,2.25425,9.001249152,-0.277804628,0.117607441,0.389122122,Waning Gibbous,WAG,21,4.549888966,NA,NA,NA,36,720,504,147,2940,15,7674.07,7.67,153.5,ID157,326.6213334,327,159.3274797,17.05318866,8.318628617
ID156,2016,21,5/26/2016,26-May,7,19.6905,0.924,1.617708333,2.045958333,9.27905378,0.39541207,0.66692675,1.475481658,Waning Gibbous,WAG,20,4.333227586,NA,NA,NA,17,340,672,155,3100,18,5798.25,5.8,116,ID156,334.0857886,334,162.9686774,12.50127467,6.098182767
ID155,2016,20,5/25/2016,25-May,6,18.7665,0.693708333,1.121958333,2.121625,8.883641711,0.271514681,1.080069588,-2.029709772,Waning Gibbous,WAG,19,4.116566207,NA,NA,NA,95,1900,706,222,4440,17,9669.01,9.67,193.4,ID155,499.7950328,500,243.802455,21.7703512,10.61968351
ID154,2016,19,5/24/2016,24-May,5,18.07279167,0.42825,1.427916667,2.08375,8.61212703,0.808554908,-2.301224452,-0.334395456,Waning Gibbous,WAG,18,3.899904828,NA,NA,NA,494,9880,513,176,3520,21,8377.12,8.38,167.5,ID154,408.725973,409,199.3785234,19.44931832,9.48747235
ID153,2016,18,5/23/2016,23-May,4,17.64454167,0.999666667,1.6555,2.650875,7.803572122,-3.10977936,-1.142950364,-3.745099114,Waning Gibbous,WAG,17,3.683243448,NA,NA,NA,1983,39660,202,207,4140,16,9563.57,9.56,191.3,ID153,530.5262686,531,258.7933018,24.5144143,11.95825088
ID152,2016,17,5/22/2016,22-May,3,16.644875,0.655833333,1.651208333,3.162458333,10.91335148,1.966828996,-0.635319754,0.317306873,Waning Gibbous,WAG,16,3.466582069,NA,NA,NA,5898,117960,7,130,2600,15,6158.87,6.16,123.2,ID152,238.240288,238,116.2147747,11.28892442,5.506792399
ID166,2016,31,6/5/2016,5-Jun,17,19.389,-1.100166667,-0.531833333,-0.531666667,7.817706646,-0.233205355,-0.708507195,-0.045114869,Waxing Crescent,WXC,2,0.433322759,NA,NA,NA,395,7900,19,41,820,12,1348.84,1.35,27,ID166,104.8900959,105,51.16590045,3.45369828,1.684730868
ID171,2016,36,6/11/2016,11-Jun,22,19.29808333,1.154166667,2.2805,2.545541667,8.655651328,1.267975777,1.151153206,-0.94423491,Waxing Crescent,WXC,8,1.733291034,NA,NA,NA,54,1080,2,43,860,12,1572.92,1.57,31.5,ID171,99.35705211,99,48.46685469,3.639240862,1.775239445
ID167,2016,32,6/6/2016,6-Jun,18,18.42966667,-0.959333333,-2.0595,-1.491166667,9.349196389,1.531489743,1.298284388,0.822982548,Waxing Crescent,WXC,3,0.649984138,NA,NA,NA,192,3840,8,92,1840,12,2644.91,2.64,52.9,ID167,196.8083591,197,96.0040776,5.658240323,2.760117231
ID168,2016,33,6/7/2016,7-Jun,19,17.61720833,-0.812458333,-1.771791667,-2.871958333,8.983759338,-0.365437051,1.166052692,0.932847337,Waxing Crescent,WXC,4,0.866645517,NA,NA,NA,117,2340,8,89,1780,15,2223.01,2.22,44.5,ID168,198.1353165,198,96.65137391,4.953382913,2.416284348
ID170,2016,35,6/9/2016,9-Jun,21,17.01758333,0.265041667,-0.599625,-1.412083333,7.504498123,-2.095388116,-1.479261216,-1.844698267,Waxing Crescent,WXC,6,1.299968276,NA,NA,NA,71,1420,1,170,3400,12,4089.03,4.09,81.8,ID170,453.0616098,453,221.0056633,10.90012932,5.317136252
ID169,2016,34,6/8/2016,8-Jun,20,16.75254167,-0.864666667,-1.677125,-2.636458333,9.599886238,0.6161269,0.250689849,1.782179592,Waxing Crescent,WXC,5,1.083306897,NA,NA,NA,89,1780,3,156,3120,15,3802.21,3.8,76,ID169,325.0038514,325,158.5384641,7.916760482,3.861834381
ID179,2016,44,6/19/2016,19-Jun,30,21.69404167,1.523333333,2.018791667,2.736875,8.352105577,-1.104558748,-1.807375288,-0.308723122,Waxing Gibbous,WXG,16,3.466582069,NA,NA,NA,12,240,46,29,580,9,298.08,0.3,6,ID179,69.44356661,69,33.87491054,0.718381724,0.350430109
ID178,2016,43,6/18/2016,18-Jun,29,20.17070833,0.495458333,1.213541667,0.928458333,9.456664325,-0.70281654,0.795835626,2.395566596,Waxing Gibbous,WXG,15,3.24992069,NA,NA,NA,15,300,31,30,600,11,939.99,0.94,18.8,ID178,63.4473192,63,30.94991181,1.988016002,0.969763903
ID174,2016,39,6/14/2016,14-Jun,25,19.84620833,0.932875,0.7025,0.548125,7.439355099,-0.337765051,0.281520622,-1.216296229,Waxing Gibbous,WXG,11,2.383275172,NA,NA,NA,41,820,13,44,880,12,1111.56,1.11,22.2,ID174,118.2898233,118,57.70235282,2.984129633,1.455672992
ID177,2016,42,6/17/2016,17-Jun,28,19.67525,0.718083333,0.433,-0.170958333,10.15948087,1.498652166,3.098383136,2.720125766,Waxing Gibbous,WXG,14,3.03325931,NA,NA,NA,25,500,17,52,1040,13,1381.67,1.38,27.6,ID177,102.3674352,102,49.93533426,2.716674243,1.325206948
ID175,2016,40,6/15/2016,15-Jun,26,19.24225,-0.603958333,0.328916667,0.098541667,7.061097729,-0.37825737,-0.716022421,-0.096736748,Waxing Gibbous,WXG,12,2.599936552,NA,NA,NA,18,360,27,67,1340,10,1639.39,1.64,32.8,ID175,189.7721929,190,92.57180139,4.645170094,2.265936631
ID176,2016,41,6/16/2016,16-Jun,27,18.95716667,-0.285083333,-0.889041667,0.043833333,8.660828699,1.59973097,1.2214736,0.883708549,Waxing Gibbous,WXG,13,2.816597931,NA,NA,NA,13,260,39,45,900,13,936.43,0.94,18.7,ID176,103.916153,104,50.69080633,2.159146734,1.053242309
ID173,2016,38,6/13/2016,13-Jun,24,18.91333333,-0.230375,-0.38475,0.769416667,7.777120151,0.619285673,-0.878531178,0.389444599,Waxing Gibbous,WXG,10,2.166613793,NA,NA,NA,36,720,0,37,740,12,655.93,0.66,13.1,ID173,95.15090234,95,46.41507431,1.684428136,0.821672262
ID151,2016,16,5/20/2016,20-May,2,14.99366667,1.51125,2.769541667,3.630583333,11.54867124,0.952626627,-0.642950839,-1.031075685,Waxing Gibbous,WXG,14,3.03325931,NA,NA,NA,92,1840,0,42,840,12,1181.49,1.18,23.6,ID151,72.73564054,73,35.48080026,2.043525139,0.996841531
ID150,2016,15,5/18/2016,18-May,1,12.224125,0.861041667,1.321458333,0.680416667,12.19162207,-0.388124847,-3.070593074,-4.354328282,Waxing Gibbous,WXG,12,2.599936552,NA,NA,NA,40,800,0,28,560,12,1500.32,1.5,30,ID150,45.93318238,46,22.40643043,2.460706199,1.200344487
