SampleID,Year,DPFS,Date,Date2,DayOfYear,Night,LunarDay,percillum,Temp,CTUMay2Base0,CTUSturgeon,CTU0Base,ChangeTEMP24_hrs,ChangeTEMP48_hrs,ChangeTEMP72_hrs,Q,ChangeQ24_hrs,ChangeQ48_hrs,ChangeQ72_hrs,MoonPhase,CODE,Nsuckers5,Nsuckers100,EarlyVsLateSuckerPeak,AvgSuckerDryWeight.g,TotalSuckerBiomass.g,Nsturgeon,Ninverts,Ninverts100,Nfamilies,InvertBiomass100,DischargeSampledByNight,SDDischargeSampledByEachNet,AverageNetFlowByNight,SDNetFlowByNight,TotalNetFlowByNight,AreaSampled(m2),CatPerYear,SturgeonPerYear,InvertPerYear,PerCat,PerStur,PerInvert
ID36,2012,23,9-May,9-May,130,1,18,83,13.1885,105.8035,58.6718333,192.0718333,-0.396291667,-0.477125,-0.68925,11.18916442,1.655371616,-0.989464342,-1.268536818,Waning Gibbous,WAG,152,3040,Early,0.00153,4.6512,0,71,1420,6,95.8262,NA,NA,NA,NA,NA,2.145,329700,11037,60700,0.922050349,0,2.33937397
ID37,2012,25,11-May,11-May,132,2,20,63,14.24433333,133.2199583,74.4882917,219.4882917,1.072208333,1.055833333,0.659541667,9.998185387,0.143465774,-1.190979035,0.464392581,Waning Gibbous,WAG,423,8460,Early,0.00153,12.9438,3,136,2720,10,168.9724,1.03389,0.045797794,0.474666667,0.096568916,2.373333333,2.145,329700,11037,60700,2.565969063,0.027181299,4.481054366
ID38,2012,26,12-May,12-May,133,3,21,50,14.72441667,147.944375,83.4127083,234.2127083,0.480083333,1.552291667,1.535916667,8.15966518,-1.838520207,-1.695054432,-3.029499242,Last Quarter,LQ,401,8020,Early,0.00153,12.2706,1,82,1640,7,100.7556,1.3302432,0.057607038,0.482666667,0.10891893,2.413333333,2.145,329700,11037,60700,2.432514407,0.009060433,2.701812191
ID39,2012,27,13-May,13-May,134,4,22,42,15.27745833,163.2218333,92.8901667,249.4901667,0.553041667,1.033125,2.105333333,7.5372717,-0.62239348,-2.460913686,-2.317447912,Waning Crescent,WNC,140,2800,Early,0.00153,4.284,0,71,1420,4,93.3006,0.9882444,0.030045232,0.455333333,0.109559725,2.276666667,2.145,329700,11037,60700,0.8492569,0,2.33937397
ID40,2012,28,14-May,14-May,135,5,23,33,16.21591667,179.43775,103.3060833,265.7060833,0.938458333,1.4915,1.971583333,6.369102431,-1.16816927,-1.790562749,-3.629082956,Waning Crescent,WNC,431,8620,Early,0.00153,13.1886,0,121,2420,5,160.8866,0.9019296,0.017487905,0.456,0.094439869,2.28,2.145,329700,11037,60700,2.614498029,0,3.986820428
ID190,2017,18,15-May,15-May,135,1,19,81,14.99583333,169.2985833,114.0966667,218.4966667,1.186916667,1.203666667,1.52025,7.722879218,-0.389147294,-0.118111834,-0.040810391,Waning Gibbous,WAG,15,300,Early,0.00153,0.459,0,113,2260,15,204.9824,0.98813,0.023243549,0.460666667,0.054180767,2.303333333,2.145,83380,19135,48620,0.359798513,0,4.648292884
ID41,2012,29,15-May,15-May,136,6,24,24,16.99004167,196.4277917,114.496125,282.696125,0.774125,1.712583333,2.265625,5.959469023,-0.409633408,-1.577802677,-2.200196157,Waning Crescent,WNC,532,10640,Early,0.00153,16.2792,7,120,2400,9,157.945,0.860145,0.03547568,0.442,0.085816341,2.21,2.145,329700,11037,60700,3.227176221,0.063423032,3.953871499
ID150,2016,15,18-May,18-May,139,1,12,91,12.224125,218.5552917,120.1945,207.1945,0.861041667,1.321458333,0.680416667,12.19162207,-0.388124847,-3.070593074,-4.354328282,Waxing Gibbous,WXG,40,800,Early,0.00153,1.224,0,28,560,12,34.4572,NA,NA,NA,NA,NA,2.145,242500,4053,70080,0.329896907,0,0.799086758
ID1,2011,15,19-May,19-May,139,1,15,94,13.657625,229.1675417,121.854125,208.854125,0.011875,0.185583333,0.617916667,12.69526824,-0.966783416,-6.018770532,-5.335539879,Waning Gibbous,WAG,0,0,Early,0.00153,0,0,71,1420,7,91.303,NA,NA,NA,NA,NA,2.145,71840,9399,46240,0,0,3.070934256
ID42,2012,30,16-May,16-May,137,7,25,16,15.50908333,211.936875,124.2052083,298.2052083,-1.480958333,-0.706833333,0.231625,5.917554365,-0.041914658,-0.451548066,-1.619717336,Waning Crescent,WNC,59,1180,Early,0.00153,1.8054,6,82,1640,9,106.8738,0.938223,0.044988899,0.479333333,0.113978555,2.396666667,2.145,329700,11037,60700,0.357901122,0.054362599,2.701812191
ID43,2012,31,17-May,17-May,138,8,26,10,16.10429167,228.0411667,134.5095,314.3095,0.595208333,-0.88575,-0.111625,5.782109576,-0.135444789,-0.177359447,-0.586992854,Waning Crescent,WNC,129,2580,Early,0.00153,3.9474,13,28,560,3,35.312,0.9932208,0.038212567,0.466666667,0.082831824,2.333333333,2.145,329700,11037,60700,0.782529572,0.11778563,0.922570016
ID191,2017,20,17-May,17-May,137,2,21,64,16.87866667,202.759125,135.9572083,251.9572083,0.52775,1.882833333,3.06975,7.647559948,-0.032340443,-0.07531927,-0.464466564,Waning Gibbous,WAG,161,3220,Early,0.00153,4.9266,28,102,2040,16,115.5468,0.84656,0.013437435,0.394666667,0.031322693,1.973333333,2.145,83380,19135,48620,3.861837371,0.146328717,4.195804196
ID151,2016,17,20-May,20-May,141,2,14,99,14.99366667,247.1814583,137.2206667,235.8206667,1.51125,2.769541667,3.630583333,11.54867124,0.952626627,-0.642950839,-1.031075685,Waxing Gibbous,WXG,92,1840,Early,0.00153,2.8152,0,42,840,12,27.2712,0.80509,0.027665973,0.375333333,0.064489448,1.876666667,2.145,242500,4053,70080,0.758762887,0,1.198630137
ID3,2011,17,21-May,21-May,141,3,17,79,16.27879167,259.874625,140.9612083,239.5612083,1.8505,2.621166667,2.633041667,9.962458038,-2.350594084,-2.7328102,-3.699593616,Waning Gibbous,WAG,7,140,Early,0.00153,0.2142,0,261,5220,6,336.3224,NA,NA,NA,NA,NA,2.145,71840,9399,46240,0.194877506,0,11.28892734
ID72,2013,15,18-May,18-May,138,1,8,50,13.65658333,246.90175,144.8475,231.8475,-1.206583333,-1.253791667,0.916958333,8.093299762,-0.920443964,-0.858409734,-0.707333462,First Quarter,FQ,67,1340,Early,0.00153,2.0502,11,75,1500,6,100.3188,1.04962,0.051751382,0.489333333,0.120632592,2.446666667,2.145,114420,922,40860,1.171123929,1.193058568,3.671071953
ID100,2014,18,26-May,26-May,146,1,27,5,18.37214583,300.1977708,145.2403333,249.6403333,1.020625,2.135875,3.199708333,NA,NA,NA,NA,Waning Crescent,WNC,31,620,Early,0.00153,0.9486,1,362,7240,15,438.3656,1.001,0.028185877,0.466666667,0.065701344,2.333333333,2.145,306040,15473,73920,0.202587897,0.006462871,9.794372294
ID44,2012,32,18-May,18-May,139,9,27,5,17.371,245.4121667,146.0805,331.6805,1.266708333,1.861916667,0.380958333,5.487734004,-0.294375572,-0.429820361,-0.471735019,Waning Crescent,WNC,57,1140,Early,0.00153,1.7442,92,163,3260,6,200.9174,0.8272407,0.032869542,0.436666667,0.082932369,2.183333333,2.145,329700,11037,60700,0.345768881,0.833559844,5.370675453
ID192,2017,21,18-May,18-May,138,3,22,50,17.37520833,220.1817917,147.579875,269.379875,0.496541667,1.024291667,2.379375,7.620021619,-0.027538329,-0.059878772,-0.102857599,Last Quarter,LQ,649,12980,Early,0.00153,19.8594,391,158,3160,15,243.3858,0.83941,0.01053746,0.391333333,0.024562845,1.956666667,2.145,83380,19135,48620,15.56728232,2.043376013,6.49938297
ID123,2015,15,18-May,18-May,138,1,0,1,16.59333333,250.7152083,150.6075833,237.6075833,0.70075,2.906041667,3.100083333,10.20683647,2.70512432,2.52187601,1.070676369,New Moon,NM,4065,81300,Early,0.00153,124.389,5,137,2740,14,146.783,0.93665,0.032593336,0.436666667,0.075975142,2.183333333,2.145,414960,1723,58040,19.59224986,0.290191526,4.72088215
ID73,2013,16,19-May,19-May,139,3,9,65,13.81066667,262.3939583,154.5397083,247.3397083,0.154083333,-1.0525,-1.099708333,6.551656274,-1.541643488,-2.462087453,-2.400053222,Waxing Gibbous,WXG,158,3160,Early,0.00153,4.8348,51,28,560,9,33.2468,1.05391,0.072526521,0.491333333,0.16905949,2.456666667,2.145,114420,922,40860,2.761754938,5.531453362,1.370533529
ID193,2017,22,19-May,19-May,139,4,23,43,16.204,236.7277917,158.325875,285.925875,-1.171208333,-0.674666667,-0.146916667,8.216214013,0.596192394,0.568654065,0.536313622,Waning Crescent,WNC,233,4660,Early,0.00153,7.1298,1354,126,2520,12,144.8046,0.79651,0.008556133,0.371333333,0.019944367,1.856666667,2.145,83380,19135,48620,5.588870233,7.076038673,5.183052242
ID45,2012,33,19-May,19-May,140,10,28,2,NA,263.4621667,158.3305,349.7305,NA,NA,NA,NA,NA,NA,NA,Waning Crescent,WNC,13,260,Early,0.00153,0.3978,317,42,840,4,49.0488,0.84,0.02,0.444666667,0.084149338,2.223333333,2.145,329700,11037,60700,0.078859569,2.872157289,1.383855025
ID152,2016,19,22-May,22-May,143,3,16,99,16.644875,280.019,158.4582083,268.6582083,0.655833333,1.651208333,3.162458333,10.91335148,1.966828996,-0.635319754,0.317306873,Waning Gibbous,WAG,5898,117960,Early,0.00153,180.4788,7,130,2600,15,129.8536,0.81796,0.028877504,0.381333333,0.067313528,1.906666667,2.145,242500,4053,70080,48.64329897,0.172711572,3.710045662
ID101,2014,19,27-May,27-May,147,2,28,1,19.25614583,319.4539167,158.6964792,268.8964792,0.884,1.904625,3.019875,NA,NA,NA,NA,Waning Crescent,WNC,459,9180,Early,0.00153,14.0454,23,617,12340,14,815.5202,0.83512,0.038615296,0.389333333,0.090012345,1.946666667,2.145,306040,15473,73920,2.999607894,0.148646029,16.69372294
ID221,2018,15,24-May,24-May,144,1,11,76,17.40695833,329.7572083,159.1829167,246.1829167,1.183083333,1.429833333,1.84325,8.491429605,-0.191351534,-0.552818617,-0.63645937,Waxing Gibbous,WXG,436,8720,Early,0.00153,13.3416,3469,52,1040,5,66.2708,0.77935,0.011748649,0.363333333,0.027386128,1.816666667,3.003,56480,46932,28660,15.43909348,7.391545214,3.628750872
ID124,2015,16,19-May,19-May,139,2,1,3,15.34170833,266.0689167,160.1612917,252.9612917,-1.251625,-0.550875,1.654416667,8.529435787,-1.677400678,1.027723642,0.844475331,New Moon,NM,1703,34060,Early,0.00153,52.1118,28,247,4940,18,270.1982,0.9295,0.037138727,0.433333333,0.086570459,2.166666667,2.145,414960,1723,58040,8.20802005,1.625072548,8.511371468
ID5,2011,19,23-May,23-May,143,5,19,61,18.14841667,295.44575,164.9323333,275.1323333,0.725708333,1.869625,3.720125,11.8272571,0.844669884,1.864799067,-0.485795017,Waning Gibbous,WAG,299,5980,Early,0.00153,9.1494,756,170,3400,9,224.126,0.98956,0.013959906,0.461333333,0.032540573,2.306666667,2.145,71840,9399,46240,8.324053452,8.043408873,7.352941176
ID74,2013,17,20-May,20-May,140,4,10,75,16.41045833,279.181625,165.527375,264.127375,2.599791667,2.753875,1.547291667,5.782657938,-0.768998336,-2.310641824,-3.231085788,Waxing Gibbous,WXG,734,14680,Early,0.00153,22.4604,171,45,900,6,60.4434,NA,NA,NA,NA,NA,2.145,114420,922,40860,12.82992484,18.54663774,2.202643172
ID194,2017,23,20-May,20-May,140,5,24,33,16.06904167,253.031625,168.8297083,302.2297083,-0.134958333,-1.306166667,-0.809625,7.560340516,-0.655873497,-0.059681103,-0.087219432,Waning Crescent,WNC,299,5980,Early,0.00153,9.1494,4390,161,3220,12,211.7704,0.73931,0.006599725,0.344666667,0.015383974,1.723333333,2.145,83380,19135,48620,7.171983689,22.94225242,6.622788976
ID125,2015,17,20-May,20-May,140,3,2,7,14.98954167,280.8326667,169.1250417,267.7250417,-0.352166667,-1.603791667,-0.903041667,7.12237092,-1.407064867,-3.084465545,-0.379341225,Waxing Crescent,WXC,9269,185380,Early,0.00153,283.6314,73,490,9800,20,561.8926,0.84942,0.036182109,0.396,0.084340579,1.98,2.145,414960,1723,58040,44.67418546,4.236796286,16.88490696
ID153,2016,20,23-May,23-May,144,4,17,97,17.64454167,297.7351667,170.374375,286.374375,0.999666667,1.6555,2.650875,7.803572122,-3.10977936,-1.142950364,-3.745099114,Waning Gibbous,WAG,1983,39660,Early,0.00153,60.6798,202,207,4140,16,202.3424,0.90662,0.038189301,0.422666667,0.089019349,2.113333333,2.145,242500,4053,70080,16.35463918,4.983962497,5.907534247
ID46,2012,34,20-May,20-May,141,11,0,0,NA,281.5121667,170.5805,367.7805,NA,NA,NA,NA,NA,NA,NA,New Moon,NM,20,400,Early,0.00153,0.612,1052,160,3200,8,204.541,0.74,0.01,0.408,0.056055528,2.04,2.145,329700,11037,60700,0.121322414,9.531575609,5.271828666
ID222,2018,16,25-May,25-May,145,3,12,85,19.11941667,348.9359167,172.561625,265.361625,1.712458333,2.895541667,3.142291667,7.783268453,-0.708161152,-0.899512686,-1.260979768,Waxing Gibbous,WXG,270,5400,Early,0.00153,8.262,16897,19,380,6,21.1252,0.924638,0.022451319,0.431066667,0.052334076,2.155333333,3.003,56480,46932,28660,9.560906516,36.0031535,1.325889742
ID102,2014,20,28-May,28-May,148,3,1,0,19.70629167,339.1602083,172.6027708,288.6027708,0.450145833,1.334145833,2.354770833,NA,NA,NA,NA,New Moon,NM,1219,24380,Early,0.00153,37.3014,388,254,5080,10,327.791,0.94666,0.037950271,0.441333333,0.08846217,2.206666667,2.145,306040,15473,73920,7.966278918,2.507593873,6.872294372
ID6,2011,20,24-May,24-May,144,6,20,50,17.53404167,312.9797917,176.666375,292.666375,-0.614375,0.111333333,1.25525,11.17089953,-0.65635757,0.188312315,1.208441497,Last Quarter,LQ,834,16680,Early,0.00153,25.5204,1546,257,5140,10,342.21,0.80509,0.01406934,0.375333333,0.032795664,1.876666667,2.145,71840,9399,46240,23.21826281,16.44855836,11.11591696
ID126,2015,18,21-May,21-May,141,4,3,13,15.06616667,295.6885,178.180875,282.580875,0.076625,-0.275541667,-1.527166667,7.827916021,0.705545101,-0.701519766,-2.378920444,Waxing Crescent,WXC,2024,40480,Early,0.00153,61.9344,97,207,4140,15,206.4904,0.95953,0.038456101,0.447333333,0.08964126,2.236666667,2.145,414960,1723,58040,9.755157124,5.629715612,7.133011716
ID195,2017,24,21-May,21-May,141,6,25,23,15.56858333,268.6359583,178.6340417,317.8340417,-0.500458333,-0.635416667,-1.806625,7.953509813,0.393169297,-0.2627042,0.333488194,Waning Crescent,WNC,91,1820,Early,0.00153,2.7846,5220,117,2340,12,166.2564,0.76362,0.008953216,0.356,0.020869968,1.78,2.145,83380,19135,48620,2.182777645,27.27985367,4.812834225
ID154,2016,21,24-May,24-May,145,5,18,93,18.07279167,315.9190833,182.7582917,304.5582917,0.42825,1.427916667,2.08375,8.61212703,0.808554908,-2.301224452,-0.334395456,Waning Gibbous,WAG,494,9880,Early,0.00153,15.1164,513,176,3520,21,206.8462,0.79222,0.03120547,0.369333333,0.072740024,1.846666667,2.145,242500,4053,70080,4.074226804,12.6572909,5.02283105
ID47,2012,35,21-May,21-May,142,12,1,0,NA,299.5621667,182.8305,385.8305,NA,NA,NA,NA,NA,NA,NA,New Moon,NM,25,500,Early,0.00153,0.765,1027,170,3400,8,228.2994,0.58,0.02,0.309333333,0.032437975,1.546666667,2.145,329700,11037,60700,0.151653018,9.305064782,5.601317957
ID127,2015,19,22-May,22-May,142,5,4,21,14.827,310.3489167,187.0412917,297.2412917,-0.239166667,-0.162541667,-0.514708333,7.777889127,-0.050026894,0.655518207,-0.75154666,Waxing Crescent,WXC,1291,25820,Early,0.00153,39.5046,84,263,5260,20,251.4108,0.88231,0.039430159,0.411333333,0.091911793,2.056666667,2.145,414960,1723,58040,6.222286485,4.875217644,9.062715369
ID103,2014,21,29-May,29-May,149,4,2,1,20.29822917,359.4584375,187.101,308.901,0.5919375,1.042083333,1.926083333,NA,NA,NA,NA,Waxing Crescent,WXC,2355,47100,Early,0.00153,72.063,1269,356,7120,11,452.6172,1.01673,0.057051445,0.474,0.13298705,2.37,2.145,306040,15473,73920,15.39014508,8.201383054,9.632034632
ID196,2017,25,22-May,22-May,142,7,26,14,14.373375,283.1089583,187.3070417,332.3070417,-1.195208333,-1.695666667,-1.830625,8.056747896,0.103238084,0.496407381,-0.159466116,Waning Crescent,WNC,35,700,Early,0.00153,1.071,2473,55,1100,11,89.075,0.81939,0.009834824,0.382,0.022924998,1.91,2.145,83380,19135,48620,0.839529863,12.92396133,2.262443439
ID223,2018,17,26-May,26-May,146,4,13,91,21.03395833,370.1954167,188.021125,286.621125,1.914541667,3.627,4.810083333,7.377331195,-0.405937259,-1.11409841,-1.305449945,Waxing Gibbous,WXG,279,5580,Early,0.00153,8.5374,13345,29,580,12,53.492,0.96668,0.01327399,0.450666667,0.030941701,2.253333333,3.003,56480,46932,28660,9.879603399,28.43475667,2.023726448
ID48,2012,36,22-May,22-May,143,13,2,3,18.758875,318.3210417,195.789375,404.589375,NA,NA,NA,NA,NA,NA,NA,Waxing Crescent,WXC,6,120,Early,0.00153,0.1836,1067,311,6220,8,411.2696,0.67,0.02,0.377333333,0.064566933,1.886666667,2.145,329700,11037,60700,0.036396724,9.667482106,10.24711697
ID155,2016,22,25-May,25-May,146,6,19,86,18.7665,334.9157083,195.9549167,323.5549167,0.693708333,1.121958333,2.121625,8.883641711,0.271514681,1.080069588,-2.029709772,Waning Gibbous,WAG,95,1900,Early,0.00153,2.907,706,222,4440,17,213.4088,0.96382,0.033512074,0.449333333,0.078116722,2.246666667,2.145,242500,4053,70080,0.783505155,17.41919566,6.335616438
ID128,2015,20,23-May,23-May,143,6,5,30,15.09595833,325.1480833,196.0404583,312.0404583,0.268958333,0.029791667,0.106416667,6.311333137,-1.46655599,-1.516582885,-0.811037783,Waxing Crescent,WXC,553,11060,Early,0.00153,16.9218,131,232,4640,19,232.086,2.86,0.134393375,1.333333333,0.31327127,6.666666667,2.145,414960,1723,58040,2.665317139,7.603017992,7.994486561
ID197,2017,26,23-May,23-May,143,8,27,7,14.58020833,297.7055833,196.1036667,346.9036667,0.206833333,-0.988375,-1.488833333,7.890855033,-0.165892864,-0.06265478,0.330514517,Waning Crescent,WNC,24,480,Early,0.00153,0.7344,1853,103,2060,8,118.5422,0.6578,0.011748649,0.306666667,0.027386128,1.533333333,2.145,83380,19135,48620,0.575677621,9.683825451,4.236939531
ID8,2011,22,26-May,26-May,146,8,22,33,15.815375,346.0357083,198.1222917,325.7222917,-1.425166667,-1.718666667,-2.333041667,10.46153939,-0.850282695,-0.709360141,-1.365717711,Waning Crescent,WNC,1095,21900,Early,0.00153,33.507,3147,394,7880,10,512.8548,0.83798,0.018573493,0.390666667,0.043294855,1.953333333,2.145,71840,9399,46240,30.4844098,33.48228535,17.04152249
ID104,2014,22,30-May,30-May,150,5,3,4,20.67477083,380.1332083,201.9757708,329.5757708,0.376541667,0.968479167,1.418625,NA,NA,NA,NA,Waxing Crescent,WXC,602,12040,Early,0.00153,18.4212,2791,276,5520,13,357.8802,0.84656,0.029071587,0.394666667,0.067765937,1.973333333,2.145,306040,15473,73920,3.934126258,18.03787242,7.467532468
ID224,2018,18,27-May,27-May,147,5,14,96,21.82404167,392.0668333,204.0925417,308.4925417,0.790083333,2.704625,4.417083333,7.534462504,0.157131309,-0.248805949,-0.956967101,Waxing Gibbous,WXG,64,1280,Early,0.00153,1.9584,5722,52,1040,10,57.1718,0.87659,0.015231682,0.408666667,0.035505086,2.043333333,3.003,56480,46932,28660,2.266288952,12.19210773,3.628750872
ID198,2017,27,24-May,24-May,144,9,28,2,14.71245833,312.5338333,205.1319167,361.7319167,0.13225,0.339083333,-0.856125,7.989159008,0.098303975,-0.067588889,0.035649195,Waning Crescent,WNC,14,280,Early,0.00153,0.4284,1219,128,2560,14,146.9134,0.74217,0.013160662,0.346,0.030677534,1.73,2.145,83380,19135,48620,0.335811945,6.370525216,5.265322912
ID129,2015,21,24-May,24-May,144,7,6,39,15.655375,340.6089583,205.7013333,327.5013333,0.559416667,0.828375,0.589208333,7.432537721,1.121204584,-0.345351406,-0.3953783,Waxing Crescent,WXC,168,3360,Early,0.00153,5.1408,124,146,2920,16,132.7424,0.762333,0.036184143,0.3554,0.084345322,1.777,2.145,414960,1723,58040,0.809716599,7.196749855,5.031013094
ID49,2012,37,23-May,23-May,144,14,3,6,19.77079167,338.0918333,209.7601667,424.3601667,1.011916667,NA,NA,11.83056262,0.903770842,NA,NA,Waxing Crescent,WXC,16,320,Early,0.00153,0.4896,1686,67,1340,8,86.5068,0.82,0.02,0.436,0.073310603,2.18,2.145,329700,11037,60700,0.097057931,15.27589019,2.207578254
ID156,2016,23,26-May,26-May,147,7,20,79,19.6905,354.58225,209.8214583,343.2214583,0.924,1.617708333,2.045958333,9.27905378,0.39541207,0.66692675,1.475481658,Waning Gibbous,WAG,17,340,Early,0.00153,0.5202,672,155,3100,18,153.0434,0.80223,0.030408942,0.374,0.070883316,1.87,2.145,242500,4053,70080,0.140206186,16.58031088,4.423515982
ID199,2017,28,25-May,25-May,145,10,1,0,14.397125,327.0748333,213.8729167,376.2729167,-0.315333333,-0.183083333,0.02375,8.891718489,0.902559481,1.000863456,0.834970592,New Moon,NM,4,80,Early,0.00153,0.1224,494,141,2820,13,145.32,0.79794,0.017560493,0.372,0.04093355,1.86,2.145,83380,19135,48620,0.09594627,2.58165665,5.800082271
ID105,2014,23,31-May,31-May,151,6,4,8,21.70589583,401.8391042,217.8816667,351.2816667,1.031125,1.407666667,1.999604167,NA,NA,NA,NA,Waxing Crescent,WXC,51,1020,Early,0.00153,1.5606,3123,109,2180,10,146.1942,0.94809,0.029955002,0.442,0.069825179,2.21,2.145,306040,15473,73920,0.333289766,20.18354553,2.949134199
ID10,2011,24,28-May,28-May,148,10,24,16,15.719875,377.6294167,218.116,357.316,-0.153958333,-0.0955,-1.520666667,8.766398819,-2.767296371,-1.695140574,-2.545423269,Waning Crescent,WNC,67,1340,Early,0.00153,2.0502,0,106,2120,8,118.5814,0.86515,0.005538366,0.403333333,0.012909944,2.016666667,2.145,71840,9399,46240,1.865256125,0,4.584775087
ID225,2018,19,28-May,28-May,148,6,15,99,22.41816667,414.6478333,220.8735417,331.0735417,0.594125,1.384208333,3.29875,8.121510005,0.587047501,0.74417881,0.338241551,Waxing Gibbous,WXG,75,1500,Early,0.00153,2.295,2771,70,1400,10,87.0048,0.973258,0.004190412,0.453733333,0.009767861,2.268666667,3.003,56480,46932,28660,2.655807365,5.904287054,4.884856943
ID200,2017,29,26-May,26-May,146,11,2,1,14.89070833,341.886375,222.8844583,391.0844583,0.493583333,0.17825,0.3105,9.524172036,0.632453548,1.535013029,1.633317004,Waxing Crescent,WXC,5,100,Early,0.00153,0.153,217,114,2280,15,137.5456,0.79508,0.020157421,0.370666667,0.046986996,1.853333333,2.145,83380,19135,48620,0.119932838,1.134047557,4.689428219
ID157,2016,24,27-May,27-May,148,8,21,70,20.32704167,375.051625,224.4908333,363.6908333,0.636541667,1.560541667,2.25425,9.001249152,-0.277804628,0.117607441,0.389122122,Waning Gibbous,WAG,36,720,Early,0.00153,1.1016,504,147,2940,15,173.51,0.82225,0.02130652,0.383333333,0.049665548,1.916666667,2.145,242500,4053,70080,0.296907216,12.43523316,4.195205479
ID50,2012,38,24-May,24-May,145,15,4,12,20.803125,358.8949583,224.7632917,445.1632917,1.032333333,2.04425,NA,11.31625044,-0.514312189,0.389458653,NA,Waxing Crescent,WXC,9,180,Early,0.00153,0.2754,1326,31,620,3,41.7506,0.6,0,0.35,0.043269183,1.75,2.145,329700,11037,60700,0.054595086,12.01413428,1.021416804
ID11,2011,25,29-May,29-May,149,11,25,10,15.38570833,393.015125,227.7017083,372.7017083,-0.334166667,-0.488125,-0.429666667,10.18816952,1.421770702,-1.345525669,-0.273369872,Waning Crescent,WNC,49,980,Early,0.00153,1.4994,661,81,1620,10,89.2188,0.93522,0.00634701,0.436,0.014794894,2.18,2.145,71840,9399,46240,1.364142539,7.032663049,3.503460208
ID201,2017,30,27-May,27-May,147,12,3,5,16.22375,358.0985417,233.296625,407.296625,1.333041667,1.826625,1.511291667,8.31365611,-1.210515926,-0.578062378,0.324497103,Waxing Crescent,WXC,3,60,Early,0.00153,0.0918,148,92,1840,13,95.309,0.78078,0.006737713,0.364,0.015705625,1.82,2.145,83380,19135,48620,0.071959703,0.77345179,3.784450843
ID106,2014,24,1-Jun,1-Jun,152,7,5,14,21.748375,423.5874792,233.8300417,373.0300417,0.042479167,1.073604167,1.450145833,NA,NA,NA,NA,Waxing Crescent,WXC,32,640,Early,0.00153,0.9792,1214,184,3680,14,235.4822,0.90805,0.029393371,0.423333333,0.068516016,2.116666667,2.145,306040,15473,73920,0.20912299,7.84592516,4.978354978
ID75,2013,25,28-May,28-May,148,12,18,83,13.70141667,396.9604167,236.9061667,381.9061667,-0.203208333,0.3985,1.279166667,9.263038596,-3.767218504,-6.826236405,-7.764061187,Waning Gibbous,WAG,4,80,Early,0.00153,0.1224,6,25,500,4,39.2448,NA,NA,NA,NA,NA,2.145,114420,922,40860,0.069917847,0.650759219,1.223690651
ID226,2018,20,29-May,29-May,149,7,16,100,23.16766667,438.162,238.5877083,354.5877083,0.7495,1.343625,2.133708333,7.549062655,-0.57244735,0.014600151,0.171731461,Full Moon,FM,9,180,Early,0.00153,0.2754,1484,36,720,10,35.0224,0.83941,0.015129305,0.391333333,0.035266446,1.956666667,3.003,56480,46932,28660,0.318696884,3.162021648,2.512212142
ID12,2011,26,30-May,30-May,150,12,26,5,17.06891667,410.0840417,238.970625,389.770625,1.683208333,1.349041667,1.195083333,8.804222865,-1.383946657,0.037824046,-2.729472325,Waning Crescent,WNC,50,1000,Early,0.00153,1.53,502,53,1060,7,64.8986,0.95953,0.020608875,0.447333333,0.048039336,2.236666667,2.145,71840,9399,46240,1.391982183,5.340993723,2.292387543
ID51,2012,39,25-May,25-May,146,16,5,19,20.87320833,379.7681667,239.8365,466.0365,0.070083333,1.102416667,2.114333333,10.34823259,-0.968017844,-1.482330033,-0.578559191,Waxing Crescent,WXC,22,440,Early,0.00153,0.6732,1750,156,3120,8,200.8608,0.6747312,0.016071236,0.380666667,0.052142966,1.903333333,2.145,329700,11037,60700,0.133454656,15.85575791,5.140032949
ID158,2016,25,28-May,28-May,149,9,22,59,21.43416667,396.608625,240.2478333,385.2478333,1.107125,1.743666667,2.667666667,10.80773241,1.806483255,1.528678627,1.924090696,Waning Gibbous,WAG,8,160,Early,0.00153,0.2448,296,182,3640,17,215.2452,0.83083,0.030358466,0.387333333,0.070765654,1.936666667,2.145,242500,4053,70080,0.065979381,7.303232174,5.194063927
ID76,2013,26,29-May,29-May,149,13,19,73,13.7045,411.146,245.29175,396.09175,0.003083333,-0.200125,0.401583333,7.742834499,-1.520204097,-5.287422601,-8.346440502,Waning Gibbous,WAG,12,240,Early,0.00153,0.3672,3,81,1620,7,109.3976,NA,NA,NA,NA,NA,2.145,114420,922,40860,0.20975354,0.32537961,3.964757709
ID107,2014,25,2-Jun,2-Jun,153,8,6,22,21.9815625,445.5690417,250.0116042,395.0116042,0.2331875,0.275666667,1.306791667,NA,NA,NA,NA,Waxing Crescent,WXC,13,260,Early,0.00153,0.3978,705,212,4240,14,265.4784,0.42757,0.016000671,0.199333333,0.037297602,0.996666667,2.145,306040,15473,73920,0.084956215,4.556323919,5.735930736
ID52,2012,40,26-May,26-May,147,17,6,28,20.60766667,400.3758333,254.6441667,486.6441667,-0.265541667,-0.195458333,0.836875,10.31719116,-0.031041433,-0.999059277,-1.513371467,Waxing Crescent,WXC,53,1060,Early,0.00153,1.6218,1219,45,900,5,57.487,0.6601023,0.011583779,0.376666667,0.056911237,1.883333333,2.145,329700,11037,60700,0.321504398,11.04466794,1.482701812
ID77,2013,27,30-May,30-May,150,14,20,62,16.17108333,427.2532083,255.5989583,412.1989583,2.466583333,2.469666667,2.266458333,7.793536754,0.050702255,-1.469501842,-5.236720346,Waning Gibbous,WAG,13,260,Early,0.00153,0.3978,16,120,2400,8,152.1992,NA,NA,NA,NA,NA,2.145,114420,922,40860,0.227233001,1.735357918,5.873715125
ID227,2018,21,30-May,30-May,150,8,17,99,23.34675,461.7840833,256.4097917,378.2097917,0.179083333,0.928583333,1.522708333,6.885157121,-0.663905535,-1.236352884,-0.649305384,Waning Gibbous,WAG,26,520,Early,0.00153,0.7956,916,67,1340,13,75.6404,0.858572,0.003741849,0.400266667,0.008722258,2.001333333,3.003,56480,46932,28660,0.920679887,1.951759993,4.675505932
ID159,2016,26,29-May,29-May,150,10,23,53,21.92766667,418.611625,256.4508333,407.2508333,0.4935,1.600625,2.237166667,8.998975873,-1.808756534,-0.002273279,-0.280077907,Last Quarter,LQ,9,180,Early,0.00153,0.2754,248,125,2500,15,114.5394,0.86801,0.031290544,0.404666667,0.07293833,2.023333333,2.145,242500,4053,70080,0.074226804,6.118924254,3.567351598
ID14,2011,28,1-Jun,1-Jun,152,14,0,0,17.755875,446.6860833,263.9726667,426.3726667,-1.090291667,0.686958333,2.370166667,8.490471756,0.746479191,-0.313751109,-1.697697765,New Moon,NM,18,360,Early,0.00153,0.5508,0,37,740,7,48.5876,0.90233,0.028767534,0.420666667,0.06705719,2.103333333,2.145,71840,9399,46240,0.501113586,0,1.600346021
ID108,2014,26,3-Jun,3-Jun,154,9,7,30,20.87308333,466.442125,265.0846875,415.8846875,-1.108479167,-0.875291667,-0.8328125,NA,NA,NA,NA,Waxing Crescent,WXC,15,300,Early,0.00153,0.459,2062,91,1820,14,119.7268,1.10825,0.033900351,0.516666667,0.079021797,2.583333333,2.145,306040,15473,73920,0.098026402,13.3264396,2.462121212
ID78,2013,28,31-May,31-May,151,15,21,50,19.23075,445.469,268.01475,430.41475,3.059666667,5.52625,5.529333333,7.017280658,-0.776256096,-0.725553841,-2.245757938,Last Quarter,LQ,5,100,Early,0.00153,0.153,9,65,1300,8,92.1868,NA,NA,NA,NA,NA,2.145,114420,922,40860,0.087397308,0.976138829,3.181595693
ID53,2012,41,27-May,27-May,148,18,7,38,20.27341667,420.64925,269.1175833,506.9175833,-0.33425,-0.599791667,-0.529708333,10.48022067,0.163029511,0.131988077,-0.836029767,Waxing Crescent,WXC,206,4120,Early,0.00153,6.3036,594,62,1240,5,81.3824,0.6661512,0.012039302,0.398666667,0.053155955,1.993333333,2.145,329700,11037,60700,1.249620867,5.381897255,2.042833608
ID160,2016,27,30-May,30-May,151,11,24,37,21.47783333,440.1685,272.2077083,428.8077083,-0.449833333,0.043666667,1.150791667,8.826386944,-0.172588929,-1.981345463,-0.174862208,Waning Crescent,WNC,12,240,Early,0.00153,0.3672,129,49,980,12,44.1508,0.78507,0.033374497,0.366,0.07779603,1.83,2.145,242500,4053,70080,0.098969072,3.182827535,1.398401826
ID228,2018,22,31-May,31-May,151,9,18,96,22.76066667,484.5566667,273.382375,400.982375,-0.586083333,-0.407,0.3425,7.493195103,0.608037983,-0.055867552,-0.628314901,Waning Gibbous,WAG,29,580,Early,0.00153,0.8874,554,72,1440,10,97.7996,0.865293,0.011340991,0.4034,0.026435876,2.017,3.003,56480,46932,28660,1.026912181,1.180431262,5.024424285
ID15,2011,29,2-Jun,2-Jun,153,15,1,1,17.61704167,464.303125,275.7897083,443.9897083,-0.138833333,-1.229125,0.548125,8.297408761,-0.193062995,0.553416196,-0.506814104,Waxing Crescent,WXC,7,140,Early,0.00153,0.2142,333,57,1140,11,59.3862,0.98956,0.013245845,0.461333333,0.030876096,2.306666667,2.145,71840,9399,46240,0.194877506,3.542930099,2.465397924
ID109,2014,27,4-Jun,4-Jun,155,10,8,39,20.30535417,486.7474792,279.5900417,436.1900417,-0.567729167,-1.676208333,-1.443020833,NA,NA,NA,NA,Waxing Crescent,WXC,21,420,Early,0.00153,0.6426,2283,85,1700,12,115.8334,1.01101,0.032255932,0.471333333,0.075188652,2.356666667,2.145,306040,15473,73920,0.137236962,14.75473405,2.29978355
ID79,2013,29,1-Jun,1-Jun,152,16,22,41,20.40854167,464.723125,281.468875,449.668875,1.177791667,4.237458333,6.704041667,5.934032399,-1.083248259,-1.859504355,-1.8088021,Waning Crescent,WNC,0,0,Early,0.00153,0,14,141,2820,6,186.7524,NA,NA,NA,NA,NA,2.145,114420,922,40860,0,1.518438178,6.901615272
ID54,2012,42,28-May,28-May,149,19,8,50,20.699625,441.348875,284.0172083,527.6172083,0.426208333,0.091958333,-0.173583333,11.85719794,1.37697727,1.540006781,1.508965347,First Quarter,FQ,22,440,Early,0.00153,0.6732,105,8,160,5,7.3258,1.0690251,0.045428248,0.485333333,0.114032159,2.426666667,2.145,329700,11037,60700,0.133454656,0.951345474,0.263591433
ID202,2017,35,1-Jun,1-Jun,152,13,8,50,15.36175,439.935125,286.1332083,489.1332083,-1.006125,-1.41075,-1.13675,8.304624238,-0.627295404,-1.634786338,-7.991755056,First Quarter,FQ,4,80,Early,0.00153,0.1224,88,80,1600,18,84.015,0.782496,0.010098271,0.3648,0.023539093,1.824,2.145,83380,19135,48620,0.09594627,0.459890253,3.29082682
ID16,2011,30,3-Jun,3-Jun,154,16,2,3,18.32270833,482.6258333,288.3124167,462.3124167,0.705666667,0.566833333,-0.523458333,8.244227261,-0.053181499,-0.246244495,0.500234696,Waxing Crescent,WXC,8,160,Early,0.00153,0.2448,480,37,740,6,45.243,1.01101,0.016571966,0.471333333,0.038629292,2.356666667,2.145,71840,9399,46240,0.222717149,5.106926269,1.600346021
ID161,2016,28,31-May,31-May,152,12,25,26,21.75325,462.1879583,288.4271667,450.8271667,0.275416667,-0.174416667,0.319083333,8.735269553,-0.091117391,-0.26370632,-2.072462854,Waning Crescent,WNC,13,260,Early,0.00153,0.3978,72,117,2340,15,133.874,0.89804,0.023769852,0.418666667,0.055407581,2.093333333,2.145,242500,4053,70080,0.107216495,1.77646188,3.339041096
ID229,2018,23,1-Jun,1-Jun,152,10,19,91,21.39395833,506.2291667,289.254875,422.654875,-1.366708333,-1.952791667,-1.773708333,8.022067404,0.5288723,1.136910283,0.473004748,Waning Gibbous,WAG,18,360,Early,0.00153,0.5508,198,121,2420,9,151.8172,0.841984,0.015872227,0.392533333,0.036998198,1.962666667,3.003,56480,46932,28660,0.637393768,0.421886985,8.443824145
ID110,2014,28,5-Jun,5-Jun,156,11,9,50,20.21595833,506.9634375,294.006,456.406,-0.089395833,-0.657125,-1.765604167,NA,NA,NA,NA,First Quarter,FQ,21,420,Early,0.00153,0.6426,963,143,2860,14,208.773,1.0868,0.035606713,0.506666667,0.082999331,2.533333333,2.145,306040,15473,73920,0.137236962,6.223744587,3.869047619
ID203,2017,36,2-Jun,2-Jun,153,14,9,62,15.49995833,455.471875,295.8699583,504.6699583,0.138208333,-0.867916667,-1.272541667,7.744640855,-0.559983383,-1.187278787,-2.194769721,Waxing Gibbous,WXG,8,160,Early,0.00153,0.2448,84,64,1280,13,93.1142,0.86658,0.018737912,0.404,0.043678116,2.02,2.145,83380,19135,48620,0.19189254,0.438986151,2.632661456
ID55,2012,43,29-May,29-May,150,20,9,59,20.58708333,461.9359583,298.8042917,548.2042917,-0.112541667,0.313666667,-0.020583333,13.28349625,1.426298311,2.803275581,2.966305091,Waxing Gibbous,WXG,478,9560,Early,0.00153,14.6268,43,39,780,5,23.2324,0.9135126,0.029906584,0.442666667,0.101417728,2.213333333,2.145,329700,11037,60700,2.899605702,0.389598623,1.285008237
ID17,2011,31,4-Jun,4-Jun,155,17,3,8,18.69129167,501.317125,301.2037083,481.0037083,0.368583333,1.07425,0.935416667,7.862959763,-0.381267498,-0.434448997,-0.627511992,Waxing Crescent,WXC,22,440,Late,0.00256,1.1264,230,56,1120,5,77.021,0.90519,0.010729766,0.422,0.025011109,2.11,2.145,71840,9399,46240,0.61247216,2.447068837,2.422145329
ID162,2016,29,1-Jun,1-Jun,153,13,26,17,20.84125,483.3392083,303.7784167,471.9784167,-0.912,-0.636583333,-1.086416667,7.670263192,-1.065006361,-1.156123752,-1.328712681,Waning Crescent,WNC,53,1060,Late,0.00256,2.7136,43,91,1820,15,77.934,0.89375,0.029043437,0.416666667,0.06770032,2.083333333,2.145,242500,4053,70080,0.437113402,1.060942512,2.597031963
ID204,2017,37,3-Jun,3-Jun,154,15,10,71,17.04870833,472.7354583,307.3335417,521.9335417,1.54875,1.686958333,0.680833333,7.361772874,-0.382867981,-0.942851364,-1.570146768,Waxing Gibbous,WXG,26,520,Late,0.00256,1.3312,156,59,1180,14,48.0188,0.78793,0.016254263,0.367333333,0.037888726,1.836666667,2.145,83380,19135,48620,0.623650756,0.815259995,2.42698478
ID111,2014,29,6-Jun,6-Jun,157,12,10,58,20.404875,527.3683125,308.610875,476.810875,0.188916667,0.099520833,-0.468208333,NA,NA,NA,NA,Waxing Gibbous,WXG,201,4020,Late,0.00256,10.2912,425,197,3940,11,259.3268,0.80795,0.0302505,0.376666667,0.070513986,1.883333333,2.145,306040,15473,73920,1.313553784,2.746720093,5.33008658
ID56,2012,44,30-May,30-May,151,21,10,70,19.72991667,481.665875,312.7342083,567.9342083,-0.857166667,-0.969708333,-0.5435,12.85888562,-0.424610634,1.001687677,2.378664947,Waxing Gibbous,WXG,4876,97520,Late,0.00256,249.6512,15,66,1320,7,42.5792,0.7339761,0.014066962,0.418,0.083917949,2.09,2.145,329700,11037,60700,29.57840461,0.135906496,2.174629325
ID18,2011,32,5-Jun,5-Jun,156,18,4,15,19.12758333,520.4447083,314.5312917,500.1312917,0.436291667,0.804875,1.510541667,6.483399811,-1.379559952,-1.76082745,-1.814008949,Waxing Crescent,WXC,22,440,Late,0.00256,1.1264,211,63,1260,7,85.0744,0.87373,0.006016206,0.407333333,0.014023789,2.036666667,2.145,71840,9399,46240,0.61247216,2.244919672,2.724913495
ID163,2016,30,2-Jun,2-Jun,154,14,27,9,19.92066667,503.1682083,317.8074167,491.8074167,-0.920583333,-1.832583333,-1.557166667,7.862821516,0.192558323,-0.872448038,-0.963565429,Waning Crescent,WNC,190,3800,Late,0.00256,9.728,134,105,2100,16,78.681,0.79508,0.043437648,0.370666667,0.101253258,1.853333333,2.145,242500,4053,70080,1.567010309,3.306192943,2.996575342
ID205,2017,38,4-Jun,4-Jun,155,16,11,80,17.26429167,490.055375,318.8534583,539.2534583,0.215583333,1.764333333,1.902541667,10.03299108,2.67121821,2.288350229,1.728366846,Waxing Gibbous,WXG,35,700,Late,0.00256,1.792,84,41,820,9,37.1176,0.84656,0.013051443,0.394666667,0.030422945,1.973333333,2.145,83380,19135,48620,0.839529863,0.438986151,1.686548745
ID112,2014,30,7-Jun,7-Jun,158,13,11,68,20.6591875,548.0275,323.4700625,497.4700625,0.2543125,0.443229167,0.353833333,NA,NA,NA,NA,Waxing Gibbous,WXG,391,7820,Late,0.00256,20.0192,164,128,2560,13,177.6388,0.98527,0.040766288,0.459333333,0.095026312,2.296666667,2.145,306040,15473,73920,2.55522154,1.059910812,3.463203463
ID57,2012,45,31-May,31-May,152,22,11,80,18.99254167,500.6584167,325.92675,586.92675,-0.737375,-1.594541667,-1.707083333,11.89832624,-0.960559377,-1.385170011,0.0411283,Waxing Gibbous,WXG,6095,121900,Late,0.00256,312.064,8,40,800,4,21.644,0.8040747,0.029414663,0.419333333,0.091025027,2.096666667,2.145,329700,11037,60700,36.97300576,0.072483465,1.317957166
ID80,2013,33,5-Jun,5-Jun,156,20,26,8,14.11779167,532.772125,326.317875,517.717875,0.136791667,-0.270833333,-4.490333333,7.906572656,-0.760635129,-0.10176107,1.421763309,Waning Crescent,WNC,6,120,Late,0.00256,0.3072,15,70,1400,6,101.1144,0.88374,0.112737159,0.515,0.146122729,2.06,2.145,114420,922,40860,0.10487677,1.626898048,3.426333823
ID230,2018,26,4-Jun,4-Jun,155,11,22,70,17.56566667,563.5295,329.1552083,479.9552083,-1.462541667,-2.938458333,-3.828291667,7.912635735,-0.8116391,-0.549481655,-0.109431669,Waning Gibbous,WAG,326,6520,Late,0.00256,16.6912,11,101,2020,7,125.5238,0.80652,0.016810865,0.376,0.039186165,1.88,2.145,56480,46932,28660,11.54390935,0.023438166,7.048150733
ID19,2011,33,6-Jun,6-Jun,157,19,5,24,20.46554167,540.91025,329.1968333,520.5968333,1.337958333,1.77425,2.142833333,6.627696086,0.144296275,-1.235263678,-1.616531175,Waxing Crescent,WXC,43,860,Late,0.00256,2.2016,400,37,740,6,51.5568,0.87945,0.012909661,0.41,0.03009245,2.05,2.145,71840,9399,46240,1.197104677,4.255771891,1.600346021
ID130,2015,32,4-Jun,4-Jun,155,8,17,97,17.78354167,529.208125,330.5005,516.1005,0.365166667,1.210375,1.503791667,9.129676401,-2.510160832,-5.375433281,-7.025463919,Waning Gibbous,WAG,79,1580,Late,0.00256,4.0448,550,106,2120,11,112.6612,3.16173,0.124103075,1.474,0.289284558,7.37,2.145,414960,1723,58040,0.380759591,31.9210679,3.652653343
ID206,2017,39,5-Jun,5-Jun,156,17,12,87,17.81933333,507.962,330.9600833,557.1600833,0.555041667,0.770625,2.319375,8.659893498,-1.373097585,1.298120624,0.915252643,Waxing Gibbous,WXG,19,380,Late,0.00256,0.9728,108,48,960,15,51.8872,0.89232,0.017843512,0.416,0.041593269,2.08,2.145,83380,19135,48620,0.455744783,0.564410766,1.974496092
ID164,2016,31,3-Jun,3-Jun,155,15,28,3,19.92083333,523.2750833,332.1142917,511.9142917,0.000166667,-0.920416667,-1.832416667,8.526213841,0.663392326,0.855950649,-0.209055712,Waning Crescent,WNC,1204,24080,Late,0.00256,61.6448,167,124,2480,13,119.631,0.86229,0.023983961,0.402,0.055906668,2.01,2.145,242500,4053,70080,9.929896907,4.120404639,3.538812785
ID81,2013,34,6-Jun,6-Jun,157,21,27,4,14.16425,549.3532917,337.0990417,534.2990417,0.046458333,0.18325,-0.224375,6.611455337,-1.295117319,-2.055752449,-1.396878389,Waning Crescent,WNC,25,500,Late,0.00256,1.28,30,29,580,4,39.015,1.09538,0.05940441,0.510666667,0.138471818,2.553333333,2.145,114420,922,40860,0.436986541,3.253796095,1.419481155
ID113,2014,31,8-Jun,8-Jun,159,14,12,77,20.03539583,568.0628958,337.7054583,517.5054583,-0.623791667,-0.369479167,-0.1805625,NA,NA,NA,NA,Waxing Gibbous,WXG,670,13400,Late,0.00256,34.304,47,90,1800,11,120.4494,0.87087,0.030726704,0.406,0.071624018,2.03,2.145,306040,15473,73920,4.378512613,0.303754928,2.435064935
ID58,2012,46,1-Jun,1-Jun,153,23,12,89,17.70816667,518.3665833,337.8349167,604.6349167,-1.284375,-2.02175,-2.878916667,11.94804828,0.049722045,-0.910837332,-1.335447965,Waxing Gibbous,WXG,1131,22620,Late,0.00256,57.9072,17,145,2900,9,108.8464,0.8281845,0.037884732,0.424666667,0.088493565,2.123333333,2.145,329700,11037,60700,6.86078253,0.154027363,4.777594728
ID231,2018,27,5-Jun,5-Jun,156,12,23,61,16.80816667,580.4090417,340.23475,496.83475,-0.7575,-2.220041667,-3.695958333,7.714945543,-0.197690192,-1.009329292,-0.747171847,Waning Gibbous,WAG,202,4040,Late,0.00256,10.3424,7,78,1560,8,126.015,0.834405,0.013277841,0.389,0.030950678,1.945,2.145,56480,46932,28660,7.152974504,0.014915196,5.443126308
ID131,2015,33,5-Jun,5-Jun,156,9,18,91,17.31991667,546.4011667,341.8935417,533.2935417,-0.463625,-0.098458333,0.74675,8.377834154,-0.751842247,-3.262003079,-6.127275528,Waning Gibbous,WAG,191,3820,Late,0.00256,9.7792,156,84,1680,13,89.8142,0.96954,0.040580266,0.452,0.094592694,2.26,2.145,414960,1723,58040,0.920570657,9.053975624,2.894555479
ID207,2017,40,6-Jun,6-Jun,157,18,13,93,18.54854167,526.7009583,343.8990417,575.8990417,0.729208333,1.28425,1.499833333,7.796490163,-0.863403336,-2.236500921,0.434717289,Waxing Gibbous,WXG,33,660,Late,0.00256,1.6896,90,21,420,7,15.218,0.66352,0.03833627,0.309333333,0.089361936,1.546666667,2.145,83380,19135,48620,0.791556728,0.470342305,0.86384204
ID20,2011,34,7-Jun,7-Jun,158,20,6,34,21.87054167,562.7807917,345.267375,542.467375,1.405,2.742958333,3.17925,6.297251258,-0.330444828,-0.186148554,-1.565708506,Waxing Crescent,WXC,188,3760,Late,0.00256,9.6256,598,69,1380,5,92.9726,0.92092,0.024755939,0.429333333,0.057706152,2.146666667,2.145,71840,9399,46240,5.233853007,6.362378976,2.984429066
ID165,2016,32,4-Jun,4-Jun,156,16,1,1,20.48916667,544.0060417,347.04525,532.64525,0.568333333,0.5685,-0.352083333,8.050912001,-0.47530184,0.188090486,0.380648809,New Moon,NM,673,13460,Late,0.00256,34.4576,86,64,1280,12,54.2496,0.82368,0.024423295,0.384,0.056930757,1.92,2.145,242500,4053,70080,5.550515464,2.121885023,1.826484018
ID82,2013,35,7-Jun,7-Jun,158,22,28,1,15.34808333,565.9465833,347.8923333,550.8923333,1.183833333,1.230291667,1.367083333,5.857361936,-0.754093401,-2.04921072,-2.80984585,Waning Crescent,WNC,72,1440,Late,0.00256,3.6864,36,77,1540,5,103.8448,0.97812,0.056529331,0.456,0.131770002,2.28,2.145,114420,922,40860,1.258521238,3.904555315,3.768967205
ID232,2018,28,6-Jun,6-Jun,157,13,24,50,16.56533333,597.0980833,351.1237917,513.5237917,-0.242833333,-1.000333333,-2.462875,7.541452729,-0.173492814,-0.371183006,-1.182822106,Last Quarter,LQ,290,5800,Late,0.00256,14.848,4,66,1320,8,131.0142,0.8255676,0.005627823,0.38488,0.013118469,1.9244,2.145,56480,46932,28660,10.26912181,0.008522969,4.605722261
ID114,2014,32,9-Jun,9-Jun,160,15,13,85,20.73347917,588.796375,352.6389375,538.2389375,0.698083333,0.074291667,0.328604167,NA,NA,NA,NA,Waxing Gibbous,WXG,2195,43900,Late,0.00256,112.384,11,85,1700,14,103.4104,0.81653,0.031352567,0.380666667,0.073082906,1.903333333,2.145,306040,15473,73920,14.34453013,0.071091579,2.29978355
ID132,2015,34,6-Jun,6-Jun,157,10,19,84,17.91416667,564.1606667,353.8530417,551.0530417,0.59425,0.130625,0.495791667,7.395316232,-0.982517922,-1.734360169,-4.244521001,Waning Gibbous,WAG,512,10240,Late,0.00256,26.2144,50,119,2380,18,100.123,2.75561,0.144654944,1.284666667,0.337191011,6.423333333,2.145,414960,1723,58040,2.467707731,2.901915264,4.100620262
ID208,2017,41,7-Jun,7-Jun,158,19,14,97,19.82220833,546.6216667,358.01975,595.81975,1.273666667,2.002875,2.557916667,7.300722347,-0.495767816,-1.359171151,-2.732268737,Waxing Gibbous,WXG,51,1020,Late,0.00256,2.6112,64,18,360,11,16.7158,0.82797,0.019953497,0.386,0.046511647,1.93,2.145,83380,19135,48620,1.223314944,0.334465639,0.740436035
ID83,2013,36,8-Jun,8-Jun,159,23,0,0,15.95045833,582.8539167,358.9996667,567.7996667,0.602375,1.786208333,1.832666667,5.789125274,-0.068236661,-0.822330062,-2.117447382,New Moon,NM,85,1700,Late,0.00256,4.352,69,166,3320,7,218,0.95524,0.034462703,0.445333333,0.080332642,2.226666667,2.145,114420,922,40860,1.485754239,7.48373102,8.125305923
ID166,2016,33,5-Jun,5-Jun,157,17,2,0,19.389,563.4822917,360.7215,552.1215,-1.100166667,-0.531833333,-0.531666667,7.817706646,-0.233205355,-0.708507195,-0.045114869,Waxing Crescent,WXC,395,7900,Late,0.00256,20.224,19,41,820,12,26.9768,0.88231,0.025027043,0.411333333,0.058338095,2.056666667,2.145,242500,4053,70080,3.257731959,0.468788552,1.170091324
ID21,2011,35,8-Jun,8-Jun,159,21,7,50,21.549,584.3297917,361.016375,564.016375,-0.321541667,1.083458333,2.421416667,6.908189046,0.610937788,0.28049296,0.424789235,First Quarter,FQ,79,1580,Late,0.00256,4.0448,191,7,140,6,11.2622,1.01244,0.015355031,0.472,0.035792613,2.36,2.145,71840,9399,46240,2.199331849,2.032131078,0.302768166
ID233,2018,29,7-Jun,7-Jun,158,14,25,41,17.02604167,614.1600833,362.3857917,530.5857917,0.460708333,0.217875,-0.539625,7.244814714,-0.296638015,-0.470130829,-0.667821021,Waning Crescent,WNC,118,2360,Late,0.00256,6.0416,3,39,780,4,49.7466,0.885599,0.011209595,0.412866667,0.026129592,2.064333333,2.145,56480,46932,28660,4.178470255,0.006392227,2.721563154
ID133,2015,35,7-Jun,7-Jun,158,11,20,74,17.35541667,581.2981667,365.1905417,568.1905417,-0.55875,0.0355,-0.428125,8.359397801,0.964081569,-0.018436353,-0.7702786,Waning Gibbous,WAG,87,1740,Late,0.00256,4.4544,17,16,320,7,22.9214,2.9029,0.330834139,1.691666667,0.172680394,6.766666667,2.145,414960,1723,58040,0.419317525,0.98665119,0.551343901
ID115,2014,33,10-Jun,10-Jun,161,16,14,92,20.654875,609.45125,367.4938125,558.8938125,-0.078604167,0.619479167,-0.0043125,NA,NA,NA,NA,Waxing Gibbous,WXG,3233,64660,Late,0.00256,165.5296,2,72,1440,10,95.9346,0.76791,0.028610723,0.358,0.066691662,1.79,2.145,306040,15473,73920,21.12795713,0.012925742,1.948051948
ID84,2013,37,9-Jun,9-Jun,160,24,1,1,15.576,600.5935833,370.9393333,585.5393333,-0.374458333,0.227916667,1.41175,6.147647391,0.358522117,0.290285455,-0.463807946,Waxing Crescent,WXC,208,4160,Late,0.00256,10.6496,37,105,2100,6,140.9676,1.06106,0.056603439,0.494666667,0.131942749,2.473333333,2.145,114420,922,40860,3.63572802,4.013015184,5.139500734
ID209,2017,42,8-Jun,8-Jun,159,20,15,99,20.32245833,567.0980417,372.696125,616.296125,0.50025,1.773916667,2.503125,7.02072719,-0.279995157,-0.775762972,-1.639166308,Waxing Gibbous,WXG,288,5760,Late,0.00256,14.7456,50,43,860,11,41.2554,0.87945,0.021282513,0.41,0.049609587,2.05,2.145,83380,19135,48620,6.908131446,0.26130128,1.768819416
ID167,2016,34,6-Jun,6-Jun,158,18,3,3,18.42966667,581.9715417,373.41075,570.61075,-0.959333333,-2.0595,-1.491166667,9.349196389,1.531489743,1.298284388,0.822982548,Waxing Crescent,WXC,192,3840,Late,0.00256,9.8304,8,92,1840,12,61.7998,0.84656,0.040085938,0.394666667,0.093440415,1.973333333,2.145,242500,4053,70080,1.583505155,0.197384653,2.625570776
ID234,2018,30,8-Jun,8-Jun,159,15,26,31,18.10466667,632.455125,374.8808333,548.8808333,1.078625,1.539333333,1.2965,7.126981911,-0.117832803,-0.414470818,-0.587963632,Waning Crescent,WNC,91,1820,Late,0.00256,4.6592,0,53,1060,9,64.8782,0.937365,0.013186663,0.437,0.030738141,2.185,2.145,56480,46932,28660,3.222379603,0,3.698534543
ID134,2015,36,8-Jun,8-Jun,159,12,21,64,16.90708333,597.8999167,375.9922917,584.7922917,-0.448333333,-1.007083333,-0.412833333,8.678506988,0.319109187,1.283190756,0.300672834,Last Quarter,LQ,81,1620,Late,0.00256,4.1472,18,55,1100,9,45.4972,3.09166,0.146100238,1.441333333,0.340559996,7.206666667,2.145,414960,1723,58040,0.390399075,1.044689495,1.895244659
ID116,2014,34,11-Jun,11-Jun,162,17,15,97,20.09679167,629.5480417,381.7906042,578.9906042,-0.558083333,-0.6366875,0.061395833,NA,NA,NA,NA,Waxing Gibbous,WXG,2667,53340,Late,0.00256,136.5504,1,69,1380,9,113.3088,0.80795,0.033885267,0.376666667,0.078986637,1.883333333,2.145,306040,15473,73920,17.42909424,0.006462871,1.866883117
ID85,2013,38,10-Jun,10-Jun,161,25,2,4,15.99016667,618.4764583,383.0222083,603.4222083,0.414166667,0.039708333,0.642083333,5.106130435,-1.041516956,-0.68299484,-0.751231501,Waxing Crescent,WXC,184,3680,Late,0.00256,9.4208,64,124,2480,5,166.4598,1.01816,0.045989565,0.474666667,0.107201783,2.373333333,2.145,114420,922,40860,3.21622094,6.94143167,6.069505629
ID168,2016,35,7-Jun,7-Jun,159,19,4,9,17.61720833,599.735375,385.3745833,588.3745833,-0.812458333,-1.771791667,-2.871958333,8.983759338,-0.365437051,1.166052692,0.932847337,Waxing Crescent,WXC,117,2340,Late,0.00256,5.9904,8,89,1780,15,57.8126,0.85657,0.042292718,0.399333333,0.098584425,1.996666667,2.145,242500,4053,70080,0.964948454,0.197384653,2.539954338
ID135,2015,37,9-Jun,9-Jun,160,13,22,52,17.68033333,615.3465417,387.6389167,602.2389167,0.77325,0.324916667,-0.233833333,8.534385916,-0.144121072,0.174988115,1.139069684,Last Quarter,LQ,198,3960,Late,0.00256,10.1376,49,42,840,10,36.613,0.94952,0.048402912,0.442666667,0.112827302,2.213333333,2.145,414960,1723,58040,0.954308849,2.843876959,1.447277739
ID210,2017,43,9-Jun,9-Jun,160,21,16,100,20.81833333,588.154125,387.9522083,637.3522083,0.495875,0.996125,2.269791667,6.938036911,-0.08269028,-0.362685436,-0.858453252,Full Moon,FM,442,8840,Late,0.00256,22.6304,32,40,800,9,27.3386,0.89947,0.021767024,0.419333333,0.050738983,2.096666667,2.145,83380,19135,48620,10.60206284,0.167232819,1.64541341
ID235,2018,31,9-Jun,9-Jun,160,16,27,22,19.18754167,651.9240417,388.54975,568.34975,1.082875,2.1615,2.622208333,6.949503667,-0.177478244,-0.295311047,-0.591949062,Waning Crescent,WNC,22,440,Late,0.00256,1.1264,1,51,1020,7,60.8176,0.84084,0.00884984,0.392,0.020628998,1.96,2.145,56480,46932,28660,0.779036827,0.002130742,3.558967202
ID86,2013,39,11-Jun,11-Jun,162,26,3,8,16.39875,636.2482083,394.9939583,621.1939583,0.408583333,0.82275,0.448291667,4.736441092,-0.369689343,-1.411206299,-1.052684182,Waxing Crescent,WXC,1130,22600,Late,0.00256,57.856,58,110,2200,7,151.2372,0.95667,0.045202479,0.446,0.105367083,2.23,2.145,114420,922,40860,19.75179164,6.290672451,5.384238864
ID117,2014,35,12-Jun,12-Jun,163,18,16,100,20.04345833,649.5915,396.0340625,599.0340625,-0.053333333,-0.611416667,-0.690020833,NA,NA,NA,NA,Full Moon,FM,738,14760,Late,0.00256,37.7856,0,70,1400,16,91.386,0.75075,0.024994338,0.35,0.058261861,1.75,2.145,306040,15473,73920,4.822898967,0,1.893939394
ID169,2016,36,8-Jun,8-Jun,160,20,5,16,16.75254167,616.5356667,396.374875,605.174875,-0.864666667,-1.677125,-2.636458333,9.599886238,0.6161269,0.250689849,1.782179592,Waxing Crescent,WXC,89,1780,Late,0.00256,4.5568,3,156,3120,15,78.2136,0.74217,0.03295832,0.346,0.076825922,1.73,2.145,242500,4053,70080,0.734020619,0.074019245,4.452054795
ID59,2012,52,7-Jun,7-Jun,159,24,18,86,17.79958333,612.1567083,396.8250417,698.4250417,1.253458333,2.052291667,2.988,15.53459662,-4.506980097,-7.98632463,-8.242056756,Waning Gibbous,WAG,129,2580,Late,0.00256,6.6048,3,177,3540,9,175.537,0.7601451,0.037236859,0.382,0.100377067,1.91,2.145,329700,11037,60700,0.782529572,0.027181299,5.831960461
ID236,2018,32,10-Jun,10-Jun,161,17,28,14,19.34604167,671.4957917,402.3215,587.9215,0.1585,1.241375,2.32,6.741454293,-0.208049374,-0.385527618,-0.503360421,Waning Crescent,WNC,61,1220,Late,0.00256,3.1232,0,83,1660,7,66.6514,0.8413834,0.015392399,0.392253333,0.035879719,1.961266667,2.145,56480,46932,28660,2.160056657,0,5.792044662
ID211,2017,44,10-Jun,10-Jun,161,22,17,99,21.48416667,609.8555417,403.853625,659.053625,0.665833333,1.161708333,1.661958333,7.373220053,0.435183143,0.352492863,0.072497706,Waning Gibbous,WAG,942,18840,Late,0.00256,48.2304,185,111,2220,13,48.495,0.8008,0.017717002,0.373333333,0.041298372,1.866666667,2.145,83380,19135,48620,22.59534661,0.966814737,4.566022213
ID170,2016,37,9-Jun,9-Jun,161,21,6,24,17.01758333,633.561875,407.6010833,622.2010833,0.265041667,-0.599625,-1.412083333,7.504498123,-2.095388116,-1.479261216,-1.844698267,Waxing Crescent,WXC,71,1420,Late,0.00256,3.6352,1,170,3400,12,92.9076,0.72501,0.025250739,0.338,0.058859531,1.69,2.145,242500,4053,70080,0.58556701,0.024673082,4.851598174
ID87,2013,40,12-Jun,12-Jun,163,27,4,14,18.02925,655.0070417,407.9527917,639.9527917,1.6305,2.039083333,2.45325,4.827899722,0.09145863,-0.278230712,-1.319747669,Waxing Crescent,WXC,509,10180,Late,0.00256,26.0608,27,118,2360,6,152.9132,0.95238,0.046220202,0.444,0.107739398,2.22,2.145,114420,922,40860,8.897045971,2.928416486,5.775819873
ID118,2014,36,13-Jun,13-Jun,164,19,17,100,18.8954375,668.4869375,409.1295,617.9295,-1.148020833,-1.201354167,-1.7594375,NA,NA,NA,NA,Full Moon,FM,358,7160,Late,0.00256,18.3296,0,81,1620,12,99.8594,0.74646,0.02799661,0.348,0.065260163,1.74,2.145,306040,15473,73920,2.339563456,0,2.191558442
ID25,2011,39,12-Jun,12-Jun,163,25,11,87,15.91454167,656.2705417,409.757125,635.957125,-1.103666667,-2.990708333,-4.188208333,12.43672763,0.299001103,1.242911811,0.823379261,Waxing Gibbous,WXG,107,2140,Late,0.00256,5.4784,0,36,720,6,19.209,0.89089,0.018161563,0.415333333,0.042334646,2.076666667,2.145,71840,9399,46240,2.978841871,0,1.557093426
ID60,2012,53,8-Jun,8-Jun,160,25,19,78,19.15529167,631.312,410.1803333,717.5803333,1.355708333,2.609166667,3.408,11.64001591,-3.894580712,-8.401560809,-11.88090534,Waning Gibbous,WAG,132,2640,Late,0.00256,6.7584,1,63,1260,7,53.1582,0.7771335,0.021509933,0.418666667,0.081636049,2.093333333,2.145,329700,11037,60700,0.800727934,0.009060433,2.075782537
ID237,2018,33,11-Jun,11-Jun,162,18,0,7,19.61654167,691.4170417,416.44275,607.84275,0.2705,0.429,1.511875,6.247727194,-0.493727099,-0.701776473,-0.879254717,Waning Crescent,WNC,164,3280,Late,0.00256,8.3968,0,35,700,5,23.6162,0.77935,0.014120119,0.363333333,0.032914029,1.816666667,2.145,56480,46932,28660,5.807365439,0,2.442428472
ID212,2017,45,11-Jun,11-Jun,162,23,18,96,21.641375,631.5440833,419.7421667,680.7421667,0.157208333,0.823041667,1.318916667,6.712651207,-0.660568846,-0.225385703,-0.308075983,Waning Gibbous,WAG,246,4920,Late,0.00256,12.5952,152,156,3120,10,73.7752,0.90662,0.023979697,0.422666667,0.05589673,2.113333333,2.145,83380,19135,48620,5.90069561,0.794355892,6.417112299
ID26,2011,40,13-Jun,13-Jun,164,26,12,94,16.613625,672.8841667,420.57075,652.57075,0.699083333,-0.404583333,-2.291625,13.28567374,0.848946107,1.147947211,2.091857918,Waxing Gibbous,WXG,66,1320,Late,0.00256,3.3792,71,94,1880,6,38.5922,0.82511,0.005312214,0.384666667,0.012382784,1.923333333,2.145,71840,9399,46240,1.837416481,0.755399511,4.065743945
ID88,2013,41,13-Jun,13-Jun,164,28,5,21,19.08783333,673.746,420.89175,658.69175,1.058583333,2.689083333,3.097666667,4.527882057,-0.300017665,-0.208559034,-0.578248377,Waxing Crescent,WXC,436,8720,Late,0.00256,22.3232,33,38,760,5,50.4616,0.98241,0.051624783,0.458,0.120337488,2.29,2.145,114420,922,40860,7.621045272,3.579175705,1.86000979
ID61,2012,54,9-Jun,9-Jun,161,26,20,68,20.15083333,651.4628333,424.5311667,737.7311667,0.995541667,2.35125,3.604708333,14.74889467,3.108878764,-0.785701947,-5.292682044,Waning Gibbous,WAG,106,2120,Late,0.00256,5.4272,1,97,1940,10,73.1388,1.1774334,0.046549341,0.480666667,0.082475586,2.403333333,2.145,329700,11037,60700,0.643008796,0.009060433,3.196046129
ID238,2018,34,12-Jun,12-Jun,163,19,1,2,20.03325,711.5285417,430.75425,627.95425,0.416708333,0.687208333,0.845708333,6.332694717,0.084967523,-0.408759576,-0.61680895,Waning Crescent,WNC,125,2500,Late,0.00256,6.4,0,108,2160,8,90.0674,0.808665,0.022282319,0.377,0.051940136,1.885,2.145,56480,46932,28660,4.426345609,0,7.536636427
ID27,2011,41,14-Jun,14-Jun,165,27,13,98,18.26729167,691.1514583,433.0380417,670.8380417,1.653666667,2.35275,1.249083333,11.01311854,-2.272555194,-1.423609087,-1.124607983,Waxing Gibbous,WXG,144,2880,Late,0.00256,7.3728,100,71,1420,2,22.6294,0.86658,0.018463067,0.404,0.043037451,2.02,2.145,71840,9399,46240,4.008908686,1.063942973,3.070934256
ID171,2016,39,11-Jun,11-Jun,163,22,8,43,19.29808333,670.9842083,433.4234167,659.6234167,1.154166667,2.2805,2.545541667,8.655651328,1.267975777,1.151153206,-0.94423491,Waxing Crescent,WXC,54,1080,Late,0.00256,2.7648,2,43,860,12,33.6838,0.79508,0.030155713,0.370666667,0.070293037,1.853333333,2.145,242500,4053,70080,0.445360825,0.049346163,1.22716895
ID89,2013,42,14-Jun,14-Jun,165,29,6,30,18.95708333,693.5081667,434.8539167,678.4539167,-0.13075,0.927833333,2.558333333,5.606006349,1.078124291,0.778106626,0.869565257,Waxing Crescent,WXC,354,7080,Late,0.00256,18.1248,60,82,1640,6,77.1984,0.93379,0.05445841,0.435333333,0.126942682,2.176666667,2.145,114420,922,40860,6.187729418,6.507592191,4.013705335
ID213,2017,46,12-Jun,12-Jun,163,24,19,91,21.94408333,653.4914167,435.8895,702.6895,0.302708333,0.459916667,1.12575,6.720011141,0.007359933,-0.653208913,-0.21802577,Waning Gibbous,WAG,175,3500,Late,0.00256,8.96,52,44,880,10,32.6156,0.84656,0.033849039,0.394666667,0.07890219,1.973333333,2.145,83380,19135,48620,4.197649316,0.271753332,1.809954751
ID62,2012,55,10-Jun,10-Jun,162,27,21,58,21.90891667,673.37175,440.6400833,759.6400833,1.758083333,2.753625,4.109333333,14.79413525,0.04524058,3.154119345,-0.740461367,Waning Gibbous,WAG,79,1580,Late,0.00256,4.0448,0,77,1540,8,63.3938,1.1163867,0.044686498,0.476666667,0.081513462,2.383333333,2.145,329700,11037,60700,0.479223537,0,2.537067545
ID239,2018,35,13-Jun,13-Jun,164,20,2,0,19.86095833,731.5122917,444.938,647.938,-0.172291667,0.244416667,0.514916667,6.231656199,-0.101038518,-0.016070995,-0.509798094,New Moon,NM,63,1260,Late,0.00256,3.2256,47,83,1660,11,69.4046,0.821106,0.013196584,0.3828,0.030761267,1.914,2.145,56480,46932,28660,2.230878187,0.10014489,5.792044662
ID28,2011,42,15-Jun,15-Jun,166,28,14,100,19.33,710.4814583,446.5680417,690.1680417,1.062708333,2.716375,3.415458333,8.167449092,-2.84566945,-5.118224643,-4.269278536,Full Moon,FM,136,2720,Late,0.00256,6.9632,82,43,860,6,19.4372,0.9295,0.009431498,0.433333333,0.021984843,2.166666667,2.145,71840,9399,46240,3.786191537,0.872433238,1.859861592
ID172,2016,40,12-Jun,12-Jun,164,23,9,49,19.14370833,690.3137917,446.953,678.953,-0.154375,0.999791667,2.126125,7.157834477,-1.497816851,-0.229841074,-0.346663645,First Quarter,FQ,66,1320,Late,0.00256,3.3792,0,53,1060,13,35.0756,0.90805,0.022291494,0.423333333,0.051961524,2.116666667,2.145,242500,4053,70080,0.544329897,0,1.512557078
ID90,2013,43,15-Jun,15-Jun,166,30,7,39,17.83525,713.3137083,448.8594583,698.2594583,-1.121833333,-1.252583333,-0.194,4.844530656,-0.761475693,0.316648598,0.016630934,Waxing Crescent,WXC,4,80,Late,0.00256,0.2048,47,126,2520,6,71.527,0.94523,0.04679182,0.440666667,0.109071842,2.203333333,2.145,114420,922,40860,0.069917847,5.097613883,6.167400881
ID214,2017,47,13-Jun,13-Jun,164,25,20,85,22.80929167,676.57875,453.1768333,725.7768333,0.865208333,1.167916667,1.325125,7.324619611,0.604608471,0.611968404,-0.048600442,Waning Gibbous,WAG,77,1540,Late,0.00256,3.9424,42,70,1400,10,38.219,0.86372,0.02333136,0.402666667,0.054385456,2.013333333,2.145,83380,19135,48620,1.846965699,0.219493076,2.879473468
ID63,2012,56,11-Jun,11-Jun,163,28,22,50,23.33925,696.711,458.1793333,782.9793333,1.430333333,3.188416667,4.183958333,14.67247278,-0.121662473,-0.076421893,3.032456872,Last Quarter,LQ,54,1080,Late,0.00256,2.7648,20,41,820,7,41.3906,1.0370217,0.041257218,0.454,0.08207043,2.27,2.145,329700,11037,60700,0.327570519,0.181208662,1.350906096
ID240,2018,36,14-Jun,14-Jun,165,21,3,1,20.27083333,751.9964167,459.622125,668.422125,0.409875,0.237583333,0.654291667,6.417315133,0.185658934,0.084620416,0.169587939,Waxing Crescent,WXC,23,460,Late,0.00256,1.1776,212,61,1220,6,30.9642,0.7921056,0.010472471,0.36928,0.024411354,1.8464,2.145,56480,46932,28660,0.814447592,0.451717378,4.256803908
ID29,2011,43,16-Jun,16-Jun,167,29,15,99,19.43670833,729.9181667,460.20475,709.60475,0.106708333,1.169416667,2.823083333,7.434487978,-0.732961114,-3.578630563,-5.851185757,Waning Gibbous,WAG,99,1980,Late,0.00256,5.0688,65,38,760,5,16.1864,0.94666,0.015254823,0.441333333,0.035559028,2.206666667,2.145,71840,9399,46240,2.756124722,0.691562932,1.643598616
ID173,2016,41,13-Jun,13-Jun,165,24,10,63,18.91333333,709.6232917,460.4625,698.2625,-0.230375,-0.38475,0.769416667,7.777120151,0.619285673,-0.878531178,0.389444599,Waxing Gibbous,WXG,36,720,Late,0.00256,1.8432,0,37,740,12,17.5694,0.85943,0.019695622,0.400666667,0.045910541,2.003333333,2.145,242500,4053,70080,0.296907216,0,1.055936073
ID91,2013,44,16-Jun,16-Jun,167,31,8,50,18.302875,733.27,463.01575,718.21575,0.467625,-0.654208333,-0.784958333,4.035192727,-0.809337929,-1.570813621,-0.49268933,First Quarter,FQ,15,300,Late,0.00256,0.768,54,146,2920,7,73.4512,0.88946,0.046498094,0.414666667,0.108387166,2.073333333,2.145,114420,922,40860,0.262191924,5.856832972,7.146353402
ID215,2017,48,14-Jun,14-Jun,165,26,21,78,22.98141667,699.847625,470.6457083,749.0457083,0.172125,1.037333333,1.340041667,6.869874497,-0.454745115,0.149863356,0.157223289,Waning Gibbous,WAG,96,1920,Late,0.00256,4.9152,27,75,1500,11,61.7964,0.82797,0.029504473,0.386,0.068774995,1.93,2.145,83380,19135,48620,2.302710482,0.141102691,3.085150144
ID64,2012,57,12-Jun,12-Jun,164,29,23,38,21.63716667,718.3481667,474.0165,804.6165,-1.702083333,-0.27175,1.486333333,12.54782186,-2.124650923,-2.246313396,-2.201072816,Waning Crescent,WNC,169,3380,Late,0.00256,8.6528,51,39,780,7,43.2412,0.8152287,0.02135885,0.423333333,0.057783119,2.116666667,2.145,329700,11037,60700,1.025174401,0.462082088,1.285008237
ID30,2011,44,17-Jun,17-Jun,168,30,16,96,19.941125,749.8592917,474.345875,729.545875,0.504416667,0.611125,1.673833333,6.410440544,-1.024047435,-1.757008548,-4.602677998,Waning Gibbous,WAG,128,2560,Late,0.00256,6.5536,17,92,1840,3,78.7608,0.87516,0.008791884,0.408,0.020493902,2.04,2.145,71840,9399,46240,3.563474388,0.180870305,3.979238754
ID174,2016,42,14-Jun,14-Jun,166,25,11,72,19.84620833,729.67125,474.7104583,718.3104583,0.932875,0.7025,0.548125,7.439355099,-0.337765051,0.281520622,-1.216296229,Waxing Gibbous,WXG,41,820,Late,0.00256,2.0992,13,44,880,12,28.9074,0.88231,0.024280541,0.411333333,0.056597998,2.056666667,2.145,242500,4053,70080,0.33814433,0.320750062,1.255707763
ID241,2018,37,15-Jun,15-Jun,166,22,4,5,20.88258333,773.414875,475.2405833,689.8405833,0.61175,1.021625,0.849333333,5.971578616,-0.445736517,-0.260077583,-0.361116101,Waxing Crescent,WXC,18,360,Late,0.00256,0.9216,571,51,1020,7,44.5424,0.758186,0.019951344,0.353466667,0.04650663,1.767333333,2.145,56480,46932,28660,0.637393768,1.216653882,3.558967202
ID92,2013,45,17-Jun,17-Jun,168,32,9,60,18.29883333,753.1982083,477.1439583,738.1439583,-0.004041667,0.463583333,-0.65825,5.501753435,1.466560708,0.657222779,-0.104252913,Waxing Gibbous,WXG,57,1140,Late,0.00256,2.9184,48,62,1240,5,23.7334,1.03246,0.049625327,0.481333333,0.115676753,2.406666667,2.145,114420,922,40860,0.996329313,5.206073753,3.034752814
ID216,2017,49,15-Jun,15-Jun,166,27,22,69,22.81341667,722.7481667,487.74625,771.94625,-0.168,0.004125,0.869333333,8.187210059,1.317335562,0.862590447,1.467198918,Waning Gibbous,WAG,149,2980,Late,0.00256,7.6288,30,64,1280,9,54.9904,0.85228,0.030155713,0.397333333,0.070293037,1.986666667,2.145,83380,19135,48620,3.573998561,0.156780768,2.632661456
ID175,2016,43,15-Jun,15-Jun,167,26,12,80,19.24225,749.2108333,488.4500417,737.8500417,-0.603958333,0.328916667,0.098541667,7.061097729,-0.37825737,-0.716022421,-0.096736748,Waxing Gibbous,WXG,18,360,Late,0.00256,0.9216,27,67,1340,10,32.7878,0.93236,0.031615615,0.434666667,0.073696073,2.173333333,2.145,242500,4053,70080,0.148453608,0.666173205,1.912100457
ID31,2011,45,18-Jun,18-Jun,169,31,17,91,20.73970833,770.599,489.2855833,750.2855833,0.798583333,1.303,1.409708333,6.259164352,-0.151276192,-1.175323626,-1.90828474,Waning Gibbous,WAG,66,1320,Late,0.00256,3.3792,6,71,1420,5,64.8564,0.8008,0.015955878,0.373333333,0.037193189,1.866666667,2.145,71840,9399,46240,1.837416481,0.063836578,3.070934256
ID65,2012,58,13-Jun,13-Jun,165,30,24,29,21.07679167,739.4249583,489.2932917,825.6932917,-0.560375,-2.262458333,-0.832125,11.17394079,-1.373881072,-3.498531995,-3.620194468,Waning Crescent,WNC,93,1860,Late,0.00256,4.7616,181,46,920,5,55.6772,0.6374082,0.011326274,0.393333333,0.055126118,1.966666667,2.145,329700,11037,60700,0.564149227,1.639938389,1.515650741
ID242,2018,38,16-Jun,16-Jun,167,23,5,12,21.34220833,794.9279167,490.953625,711.353625,0.459625,1.071375,1.48125,6.29392387,0.322345254,-0.123391263,0.062267671,Waxing Crescent,WXC,20,400,Late,0.00256,1.024,410,28,560,10,17.202,0.837837,0.014263273,0.3906,0.033247723,1.953,2.145,56480,46932,28660,0.708215297,0.873604364,1.953942777
ID93,2013,46,18-Jun,18-Jun,169,33,10,70,17.152625,772.8291667,490.9749167,757.7749167,-1.146208333,-1.15025,-0.682625,6.659005508,1.157252073,2.623812781,1.814474853,Waxing Gibbous,WXG,182,3640,Late,0.00256,9.3184,29,50,1000,7,25.6302,0.99671,0.053079782,0.464666667,0.123729095,2.323333333,2.145,114420,922,40860,3.181262017,3.145336226,2.447381302
ID176,2016,44,16-Jun,16-Jun,168,27,13,87,18.95716667,768.100375,501.5395833,756.7395833,-0.285083333,-0.889041667,0.043833333,8.660828699,1.59973097,1.2214736,0.883708549,Waxing Gibbous,WXG,13,260,Late,0.00256,0.6656,39,45,900,13,27.6302,0.90519,0.037679889,0.422,0.08783191,2.11,2.145,242500,4053,70080,0.107216495,0.962250185,1.284246575
ID32,2011,46,19-Jun,19-Jun,170,32,18,84,21.17183333,791.7708333,504.6574167,771.4574167,0.432125,1.230708333,1.735125,6.648859015,0.389694663,0.238418472,-0.785628963,Waning Gibbous,WAG,28,560,Late,0.00256,1.4336,3,64,1280,3,70.8424,0.92521,0.012032411,0.431333333,0.028047579,2.156666667,2.145,71840,9399,46240,0.779510022,0.031918289,2.76816609
ID94,2013,47,19-Jun,19-Jun,170,34,11,80,17.45825,792.5275833,504.8733333,777.4733333,0.305625,-0.840583333,-0.844625,6.538010849,-0.120994659,1.036257414,2.502818122,Waxing Gibbous,WXG,435,8700,Late,0.00256,22.272,17,36,720,7,27.8914,1.03675,0.04500526,0.483333333,0.104907367,2.416666667,2.145,114420,922,40860,7.60356581,1.843817787,1.762114537
ID66,2012,59,14-Jun,14-Jun,166,31,25,21,21.43908333,760.8640417,504.932375,847.132375,0.362291667,-0.198083333,-1.900166667,11.59489188,0.420951089,-0.952929982,-3.077580905,Waning Crescent,WNC,43,860,Late,0.00256,2.2016,286,80,1600,10,83.9754,0.7993986,0.031120312,0.415333333,0.045006172,2.076666667,2.145,329700,11037,60700,0.260843191,2.591283863,2.635914333
ID217,2017,50,16-Jun,16-Jun,167,28,23,59,22.75516667,745.8297083,505.0277917,795.0277917,-0.05825,-0.22625,-0.054125,7.442343917,-0.744866142,0.57246942,0.117724305,Waning Gibbous,WAG,16,320,Late,0.00256,0.8192,85,38,760,9,26.9978,0.83226,0.025392065,0.388,0.059188963,1.94,2.145,83380,19135,48620,0.38378508,0.444212177,1.56314274
ID243,2018,39,17-Jun,17-Jun,168,24,6,20,21.88175,816.7879167,507.013625,733.213625,0.539541667,0.999166667,1.610916667,5.988900604,-0.305023265,0.017321989,-0.428414528,Waxing Crescent,WXC,4,80,Late,0.00256,0.2048,221,26,520,9,12.4676,0.761904,0.024660266,0.3552,0.057483138,1.776,2.145,56480,46932,28660,0.141643059,0.470894059,1.814375436
ID136,2015,47,19-Jun,19-Jun,170,14,3,10,19.86604167,800.8615417,515.1539167,787.7539167,0.136166667,0.243,1.135083333,8.680335924,-2.130738146,-4.078353945,-4.653519126,Waxing Crescent,WXC,121,2420,Late,0.00256,6.1952,96,107,2140,15,84.134,3.04018,0.128991232,1.417333333,0.300678862,7.086666667,2.145,414960,1723,58040,0.583188741,5.571677307,3.687112336
ID177,2016,45,17-Jun,17-Jun,169,28,14,93,19.67525,787.7196667,515.358875,776.358875,0.718083333,0.433,-0.170958333,10.15948087,1.498652166,3.098383136,2.720125766,Waxing Gibbous,WXG,25,500,Late,0.00256,1.28,17,52,1040,13,32.0842,0.79079,0.035500308,0.368666667,0.082751301,1.843333333,2.145,242500,4053,70080,0.206185567,0.419442388,1.484018265
ID95,2013,48,20-Jun,20-Jun,171,35,12,89,17.87470833,812.4165833,518.9623333,797.3623333,0.416458333,0.722083333,-0.424125,6.014135404,-0.523875445,-0.644870105,0.512381969,Waxing Gibbous,WXG,484,9680,Late,0.00256,24.7808,10,32,640,5,9.9734,0.90948,0.054961134,0.424,0.128114532,2.12,2.145,114420,922,40860,8.46005943,1.084598698,1.566324033
ID33,2011,47,20-Jun,20-Jun,171,33,19,76,20.36470833,812.1355417,519.222125,791.822125,-0.807125,-0.375,0.423583333,6.307798149,-0.341060866,0.048633797,-0.102642395,Waning Gibbous,WAG,30,600,Late,0.00256,1.536,0,47,940,7,43.2802,0.79508,0.010624428,0.370666667,0.024765567,1.853333333,2.145,71840,9399,46240,0.83518931,0,2.032871972
ID67,2012,60,15-Jun,15-Jun,167,32,26,14,22.171625,783.0356667,521.304,869.304,0.732541667,1.094833333,0.534458333,10.53286353,-1.062028351,-0.641077261,-2.014958333,Waning Crescent,WNC,317,6340,Late,0.00256,16.2304,103,50,1000,5,24.8574,0.6576999,0.020447181,0.385333333,0.059656424,1.926666667,2.145,329700,11037,60700,1.922960267,0.933224608,1.647446458
ID218,2017,51,17-Jun,17-Jun,168,29,24,50,23.06579167,768.9943333,522.3924167,818.1924167,0.310625,0.252375,0.084375,8.262102093,0.819758176,0.074892035,1.392227596,Last Quarter,LQ,14,280,Late,0.00256,0.7168,17,4,80,4,0.5902,0.77363,0.015936643,0.360666667,0.037148351,1.803333333,2.145,83380,19135,48620,0.335811945,0.088842435,0.164541341
ID244,2018,40,18-Jun,18-Jun,169,25,7,31,21.57279167,838.6312917,523.057,755.057,-0.308958333,0.230583333,0.690208333,6.130504891,0.141604287,-0.163418979,0.158926276,Waxing Crescent,WXC,32,640,Late,0.00256,1.6384,67,13,260,4,6.9848,0.7865,0.010605164,0.366666667,0.024720662,1.833333333,2.145,56480,46932,28660,1.133144476,0.142759737,0.907187718
ID137,2015,48,20-Jun,20-Jun,171,15,4,16,19.91716667,820.575875,529.06825,807.46825,0.051125,0.187291667,0.294125,7.993680286,-0.686655638,-2.817393785,-4.765009584,Waxing Crescent,WXC,19,380,Late,0.00256,0.9728,38,35,700,10,26.7656,3.2175,0.166381591,1.5,0.387835876,7.5,2.145,414960,1723,58040,0.091575092,2.205455601,1.206064783
ID178,2016,46,18-Jun,18-Jun,170,29,15,97,20.17070833,807.993,529.8322083,796.6322083,0.495458333,1.213541667,0.928458333,9.456664325,-0.70281654,0.795835626,2.395566596,Waxing Gibbous,WXG,15,300,Late,0.00256,0.768,31,30,600,11,29.9268,0.85371,0.028395494,0.398,0.066189962,1.99,2.145,242500,4053,70080,0.12371134,0.764865532,0.856164384
ID96,2013,49,21-Jun,21-Jun,172,36,13,95,18.66754167,833.0359583,533.7817083,817.9817083,0.792833333,1.209291667,1.514916667,5.357869215,-0.656266189,-1.180141634,-1.301136294,Waxing Gibbous,WXG,249,4980,Late,0.00256,12.7488,5,36,720,8,19.1502,0.89804,0.036662144,0.418666667,0.085459542,2.093333333,2.145,114420,922,40860,4.352385947,0.542299349,1.762114537
ID119,2014,47,23-Jun,23-Jun,174,20,27,13,19.16491667,859.648625,536.4911875,809.0911875,0.055041667,1.008770833,0.778645833,NA,NA,NA,NA,Waning Crescent,WNC,11,220,Late,0.00256,0.5632,1,79,1580,9,67.9388,0.8866,0.032483356,0.413333333,0.075718778,2.066666667,2.145,306040,15473,73920,0.071886028,0.006462871,2.137445887
ID68,2012,61,16-Jun,16-Jun,168,33,27,8,22.59866667,805.6343333,538.1026667,891.9026667,0.427041667,1.159583333,1.521875,10.64629863,0.113435109,-0.948593242,-0.527642152,Waning Crescent,WNC,13,260,Late,0.00256,0.6656,30,31,620,7,61.402,0.6435858,0.013643468,0.373333333,0.059066817,1.866666667,2.145,329700,11037,60700,0.078859569,0.271812993,1.021416804
ID245,2018,41,19-Jun,19-Jun,170,26,8,41,21.94508333,860.8979583,539.5236667,777.3236667,0.372291667,0.063333333,0.602875,6.720352299,0.589847408,0.731451695,0.42642843,Waxing Crescent,WXC,10,200,Late,0.00256,0.512,16,10,200,5,9.1304,0.905762,0.022738439,0.422266667,0.053003354,2.111333333,2.145,56480,46932,28660,0.354107649,0.034091878,0.697836706
ID219,2017,52,18-Jun,18-Jun,169,30,25,37,22.873875,791.9952917,539.593375,841.193375,-0.191916667,0.118708333,0.060458333,10.91762461,2.655522512,3.475280689,2.730414547,Waning Crescent,WNC,7,140,Late,0.00256,0.3584,2,8,160,3,0.9902,0.8437,0.021851411,0.393333333,0.050935689,1.966666667,2.145,83380,19135,48620,0.167905973,0.010452051,0.329082682
ID138,2015,49,21-Jun,21-Jun,172,16,5,24,19.67454167,839.9885417,542.6809167,826.8809167,-0.242625,-0.1915,-0.055333333,7.444487855,-0.549192431,-1.235848069,-3.366586215,Waxing Crescent,WXC,120,2400,Late,0.00256,6.144,20,164,3280,12,136.615,2.89146,0.148612023,1.348,0.346414973,6.74,2.145,414960,1723,58040,0.578368999,1.160766106,5.651274983
ID179,2016,47,19-Jun,19-Jun,171,30,16,99,21.69404167,829.8092083,545.8484167,818.4484167,1.523333333,2.018791667,2.736875,8.352105577,-1.104558748,-1.807375288,-0.308723122,Waxing Gibbous,WXG,12,240,Late,0.00256,0.6144,46,29,580,9,5.9616,0.89518,0.038839706,0.417333333,0.090535444,2.086666667,2.145,242500,4053,70080,0.098969072,1.134961757,0.827625571
ID97,2013,50,22-Jun,22-Jun,173,37,14,99,18.84979167,853.376875,548.322625,838.322625,0.18225,0.975083333,1.391541667,4.907165215,-0.450704,-1.106970189,-1.630845634,Waxing Gibbous,WXG,166,3320,Late,0.00256,8.4992,2,19,380,7,13.1176,0.91806,0.044658605,0.428,0.104099312,2.14,2.145,114420,922,40860,2.901590631,0.21691974,0.930004895
ID120,2014,48,24-Jun,24-Jun,175,21,28,7,19.13520833,878.7838333,549.8263958,828.2263958,-0.029708333,0.025333333,0.9790625,NA,NA,NA,NA,Waning Crescent,WNC,10,200,Late,0.00256,0.512,0,43,860,8,53.7086,0.93379,0.031792988,0.435333333,0.074109529,2.176666667,2.145,306040,15473,73920,0.065350935,0,1.163419913
ID69,2012,62,17-Jun,17-Jun,169,34,28,4,22.16633333,827.8006667,554.469,914.069,-0.432333333,-0.005291667,0.72725,12.83070722,2.184408585,2.297843695,1.235815344,Waning Crescent,WNC,11,220,Late,0.00256,0.5632,13,37,740,9,45.6112,0.9155718,0.018023837,0.434,0.073575358,2.17,2.145,329700,11037,60700,0.066727328,0.11778563,1.219110379
ID246,2018,42,20-Jun,20-Jun,171,27,9,50,21.81754167,882.87725,555.7029583,799.3029583,-0.127541667,0.24475,-0.064208333,6.576442435,-0.143909864,0.445937544,0.587541831,First Quarter,FQ,8,160,Late,0.00256,0.4096,5,10,200,6,8.8384,0.852852,0.017618447,0.3976,0.041068642,1.988,2.145,56480,46932,28660,0.283286119,0.010653712,0.697836706
ID139,2015,50,22-Jun,22-Jun,173,17,6,32,20.33825,860.358125,557.2505,847.2505,0.663708333,0.421083333,0.472208333,6.566329323,-0.878158532,-1.427350963,-2.114006601,Waxing Crescent,WXC,19,380,Late,0.00256,0.9728,12,51,1020,15,36.8616,0.79651,0.047304694,0.371333333,0.110267352,1.856666667,2.145,414960,1723,58040,0.091575092,0.696459663,1.757408684
ID180,2016,48,20-Jun,20-Jun,172,31,17,100,22.26341667,852.0074583,562.2466667,840.6466667,0.569375,2.092708333,2.588166667,6.637867978,-1.714237599,-2.818796347,-3.521612887,Full Moon,FM,48,960,Late,0.00256,2.4576,26,29,580,10,17.43,0.78793,0.045461857,0.367333333,0.105971694,1.836666667,2.145,242500,4053,70080,0.395876289,0.641500123,0.827625571
ID98,2013,51,23-Jun,23-Jun,174,38,15,100,19.56416667,874.3654583,563.5112083,859.3112083,0.714375,0.896625,1.689458333,4.472301969,-0.434863246,-0.885567246,-1.541833435,Full Moon,FM,66,1320,Late,0.00256,3.3792,0,24,480,6,11.91,0.90662,0.040741199,0.422666667,0.094967831,2.113333333,2.145,114420,922,40860,1.153644468,0,1.174743025
ID140,2015,51,23-Jun,23-Jun,174,18,7,41,19.722125,879.7391667,570.8315417,866.6315417,-0.616125,0.047583333,-0.195041667,8.141571936,1.575242612,0.69708408,0.14789165,First Quarter,FQ,25,500,Late,0.00256,1.28,8,66,1320,12,49.21,0.91806,0.045933951,0.428,0.107072146,2.14,2.145,414960,1723,58040,0.120493542,0.464306442,2.274293591
ID247,2018,43,21-Jun,21-Jun,172,28,10,63,22.057,905.3077083,572.3334167,821.7334167,0.239458333,0.111916667,0.484208333,6.442140215,-0.134302221,-0.278212085,0.311635323,Waxing Gibbous,WXG,13,260,Late,0.00256,0.6656,1,11,220,4,8.5422,0.814671,0.01640971,0.3798,0.038251071,1.899,2.145,56480,46932,28660,0.460339943,0.002130742,0.767620377
ID121,2014,50,26-Jun,26-Jun,177,22,1,1,19.49035417,917.264625,576.7071875,866.7071875,0.499916667,0.355145833,0.3254375,NA,NA,NA,NA,Waning Crescent,WNC,9,180,Late,0.00256,0.4608,0,53,1060,9,70.2256,0.8866,0.025339665,0.413333333,0.059066817,2.066666667,2.145,306040,15473,73920,0.058815841,0,1.433982684
ID181,2016,49,21-Jun,21-Jun,173,32,18,99,21.95729167,874.3455417,578.78475,862.98475,-0.306125,0.26325,1.786583333,6.869067934,0.231199955,-1.483037644,-2.587596391,Waning Gibbous,WAG,31,620,Late,0.00256,1.5872,18,58,1160,14,30.5206,0.76648,0.038229439,0.357333333,0.089112912,1.786666667,2.145,242500,4053,70080,0.255670103,0.44411547,1.655251142
ID99,2013,52,24-Jun,24-Jun,175,39,16,98,21.677625,896.225,579.57075,881.17075,2.113458333,2.827833333,3.010083333,4.175616204,-0.296685764,-0.731549011,-1.182253011,Waning Gibbous,WAG,61,1220,Late,0.00256,3.1232,0,13,260,3,8.5666,0.93379,0.042258859,0.435333333,0.098505499,2.176666667,2.145,114420,922,40860,1.06624716,0,0.636319139
ID141,2015,52,24-Jun,24-Jun,175,19,8,51,20.08008333,899.4851667,584.7775417,886.3775417,0.357958333,-0.258166667,0.405541667,7.402534411,-0.739037524,0.836205088,-0.041953444,First Quarter,FQ,43,860,Late,0.00256,2.2016,42,40,800,12,25.589,0.7865,0.035534853,0.366666667,0.082831824,1.833333333,2.145,414960,1723,58040,0.207248891,2.437608822,1.378359752
ID248,2018,44,22-Jun,22-Jun,173,29,11,73,21.44329167,927.2395,588.4652083,843.6652083,-0.613708333,-0.37425,-0.501791667,5.59993141,-0.842208805,-0.976511026,-1.12042089,Waxing Gibbous,WXG,28,560,Late,0.00256,1.4336,0,3,60,2,1.4014,0.723008,0.016872909,0.337066667,0.039330791,1.685333333,2.145,56480,46932,28660,0.991501416,0,0.209351012
ID182,2016,50,22-Jun,22-Jun,174,33,19,95,21.98095833,896.5480417,595.18725,885.18725,0.023666667,-0.282458333,0.286916667,7.300595551,0.431527618,0.662727573,-1.051510026,Waning Gibbous,WAG,11,220,Late,0.00256,0.5632,9,64,1280,15,49.063,0.72215,0.045243175,0.336666667,0.105461947,1.683333333,2.145,242500,4053,70080,0.090721649,0.222057735,1.826484018
ID142,2015,53,25-Jun,25-Jun,176,20,9,60,20.26979167,919.639625,599.132,906.532,0.189708333,0.547666667,-0.068458333,6.376682204,-1.025852207,-1.764889731,-0.189647119,First Quarter,FQ,36,720,Late,0.00256,1.8432,44,67,1340,13,37.5162,0.74217,0.041524206,0.346,0.096793021,1.73,2.145,414960,1723,58040,0.1735107,2.553685432,2.308752584
ID249,2018,45,23-Jun,23-Jun,174,30,12,81,20.38854167,948.1480417,603.57375,864.57375,-1.05475,-1.668458333,-1.429,5.749609526,0.149678117,-0.692530689,-0.826832909,Waxing Gibbous,WXG,0,0,Late,0.00256,0,0,3,60,2,4.3872,0.855998,0.01420725,0.399066667,0.033117132,1.995333333,2.145,56480,46932,28660,0,0,0.209351012
ID122,2014,52,28-Jun,28-Jun,179,23,3,2,22.2164375,960.2406875,608.08325,909.68325,1.4568125,2.726083333,3.226,NA,NA,NA,NA,Waning Crescent,WNC,0,0,Late,0.00256,0,0,40,800,11,49.5832,0.75218,0.027196329,0.350666667,0.063394707,1.753333333,2.145,306040,15473,73920,0,0,1.082251082
ID183,2016,51,23-Jun,23-Jun,175,34,20,89,21.9775,918.735,611.5742083,907.3742083,-0.003458333,0.020208333,-0.285916667,7.323456354,0.022860803,0.454388421,0.685588376,Waning Gibbous,WAG,13,260,Late,0.00256,0.6656,6,46,920,13,28.9648,0.83083,0.028749758,0.387333333,0.067015753,1.936666667,2.145,242500,4053,70080,0.107216495,0.14803849,1.312785388
ID143,2015,54,26-Jun,26-Jun,177,21,10,70,20.62841667,940.108375,613.80075,927.00075,0.358625,0.548333333,0.906291667,7.120396822,0.743714618,-0.282137589,-1.021175114,Waxing Gibbous,WXG,13,260,Late,0.00256,0.6656,34,11,220,7,10.0172,0.8866,0.038992091,0.413333333,0.090890655,2.066666667,2.145,414960,1723,58040,0.062656642,1.97330238,0.379048932
ID250,2018,46,24-Jun,24-Jun,175,31,13,88,20.269625,968.56025,618.1859583,884.9859583,-0.118916667,-1.173666667,-1.787375,6.728509006,0.97889948,1.128577597,0.286368792,Waxing Gibbous,WXG,0,0,Late,0.00256,0,0,2,40,2,2.2312,0.854425,0.018491564,0.398333333,0.04310388,1.991666667,2.145,56480,46932,28660,0,0,0.139567341
ID184,2016,52,24-Jun,24-Jun,176,35,21,82,21.94179167,940.7782917,627.8175,929.4175,-0.035708333,-0.039166667,-0.0155,7.757961547,0.434505193,0.457365996,0.888893613,Waning Gibbous,WAG,10,200,Late,0.00256,0.512,1,56,1120,14,33.929,0.70499,0.032065179,0.328666667,0.074744008,1.643333333,2.145,242500,4053,70080,0.082474227,0.024673082,1.598173516
ID144,2015,55,27-Jun,27-Jun,178,22,11,78,21.20929167,961.1175833,629.0099583,948.0099583,0.580875,0.9395,1.129208333,6.467984295,-0.652412527,0.09130209,-0.934550117,Waxing Gibbous,WXG,15,300,Late,0.00256,0.768,21,22,440,9,18.168,0.7436,0.042033244,0.346666667,0.09797959,1.733333333,2.145,414960,1723,58040,0.072296125,1.218804411,0.758097864
ID70,2012,67,22-Jun,22-Jun,174,35,5,9,22.565,939.9380417,637.606375,1026.206375,-0.2635,-0.116708333,0.697416667,16.82998918,-4.734329817,-7.18792866,-3.549716831,Waxing Crescent,WXC,41,820,Late,0.00256,2.0992,0,38,760,9,44.8934,1.0813374,0.039777004,0.445333333,0.081397516,2.226666667,2.145,329700,11037,60700,0.248710949,0,1.252059308
ID220,2017,59,25-Jun,25-Jun,176,31,4,4,19.97995833,936.0053,643.0033,985.2033,0.110958333,0.408625,-0.214083333,8.365387832,-0.097171937,-2.663880096,-1.308239545,Waxing Crescent,WXC,8,160,Late,0.00256,0.4096,0,37,740,11,29.782,0.72644,0.009077966,0.338666667,0.02116076,1.693333333,2.145,83380,19135,48620,0.19189254,0,1.522007404
ID145,2015,56,28-Jun,28-Jun,179,23,12,86,21.053625,981.8044167,643.8967917,968.6967917,-0.155666667,0.425208333,0.783833333,5.793615971,-0.674368323,-1.326780851,-0.583066233,Waxing Gibbous,WXG,21,420,Late,0.00256,1.0752,17,14,280,9,21.0556,0.75218,0.034901962,0.350666667,0.081356554,1.753333333,2.145,414960,1723,58040,0.101214575,0.98665119,0.482425913
ID185,2016,53,25-Jun,25-Jun,177,36,22,73,22.66179167,963.6452083,644.8844167,952.2844167,0.72,0.684291667,0.680833333,7.235122529,-0.522839018,-0.088333825,-0.065473022,Waning Gibbous,WAG,8,160,Late,0.00256,0.4096,0,76,1520,14,51.3514,0.84799,0.024069071,0.395333333,0.05610506,1.976666667,2.145,242500,4053,70080,0.065979381,0,2.168949772
ID71,2012,68,23-Jun,23-Jun,175,36,6,16,22.59416667,962.5322083,654.400542,1048.800542,0.029166667,-0.234333333,-0.087541667,13.11092618,-3.719062992,-8.453392809,-10.90699165,Waxing Crescent,WXC,2,40,Late,0.00256,0.1024,0,43,860,6,55.2716,0.7360353,0.011628338,0.397333333,0.092207495,1.986666667,2.145,329700,11037,60700,0.012132241,0,1.416803954
ID146,2015,57,29-Jun,29-Jun,180,24,13,93,21.38175,1003.032542,659.3249167,989.9249167,0.328125,0.172458333,0.753333333,6.1140047,0.320388729,-0.353979595,-1.006392122,Waxing Gibbous,WXG,3,60,Late,0.00256,0.1536,5,15,300,10,14.305,0.88946,0.045520294,0.414666667,0.106107912,2.073333333,2.145,414960,1723,58040,0.014459225,0.290191526,0.516884907
ID186,2016,54,26-Jun,26-Jun,178,37,23,62,22.99304167,986.6735,662.1127083,975.3127083,0.33125,1.05125,1.015541667,7.74632216,0.511199631,-0.011639387,0.422865806,Waning Gibbous,WAG,9,180,Late,0.00256,0.4608,0,74,1480,15,47.292,NA,NA,NA,NA,NA,2.145,242500,4053,70080,0.074226804,0,2.111872146
ID147,2015,58,30-Jun,30-Jun,181,25,14,97,20.90920833,1023.854458,674.346833,1010.746833,-0.472541667,-0.144416667,-0.300083333,7.384841629,1.270836929,1.591225658,0.916857334,Waxing Gibbous,WXG,16,320,Late,0.00256,0.8192,4,28,560,12,16.9164,0.7865,0.046392427,0.366666667,0.108140855,1.833333333,2.145,414960,1723,58040,0.077115867,0.232153221,0.964851826
ID187,2016,55,27-Jun,27-Jun,179,38,24,56,22.26229167,1009.142958,678.7821667,997.7821667,-0.73075,-0.3995,0.3205,6.698886747,-1.047435413,-0.536235782,-1.0590748,Last Quarter,LQ,11,220,Late,0.00256,0.5632,0,82,1640,14,77.5864,0.93093,0.034415201,0.434,0.080221914,2.17,2.145,242500,4053,70080,0.090721649,0,2.340182648
ID188,2016,57,29-Jun,29-Jun,181,39,26,29,21.56391667,1052.878792,710.918,1041.518,-0.229333333,-0.698375,-1.429125,6.841920247,-0.0165949,0.143033499,-0.904401913,Waning Crescent,WNC,19,380,Late,0.00256,0.9728,0,66,1320,17,38.3504,0.83941,0.034314041,0.391333333,0.07998611,1.956666667,2.145,242500,4053,70080,0.156701031,0,1.883561644
ID148,2015,61,3-Jul,3-Jul,184,26,17,98,19.80566667,1080.772958,713.865333,1067.665333,0.602333333,0.789583333,-1.103541667,8.071121397,-1.125352257,-2.36326442,0.686279768,Waning Gibbous,WAG,41,820,Late,0.00256,2.0992,0,60,1200,12,60.1644,0.83655,0.044422162,0.39,0.103548164,1.95,2.145,414960,1723,58040,0.197609408,0,2.067539628
ID189,2016,59,1-Jul,1-Jul,183,40,28,10,21.056,1095.838,742.277208,1084.477208,-0.423458333,-0.507916667,-0.73725,6.424769863,-0.046415557,-0.417150384,-0.433745284,Waning Crescent,WNC,4,80,Late,0.00256,0.2048,0,41,820,12,32.4324,0.9152,0.045949529,0.426666667,0.10710846,2.133333333,2.145,242500,4053,70080,0.032989691,0,1.170091324
ID149,2015,63,5-Jul,5-Jul,186,27,19,86,20.847125,1121.356667,742.849042,1108.249042,0.540791667,1.041458333,1.643791667,6.776826719,-0.189108576,-1.294294678,-2.419646935,Waning Gibbous,WAG,35,700,Late,0.00256,1.792,0,78,1560,13,63.5168,0.75647,0.052233185,0.352666667,0.121755675,1.763333333,2.145,414960,1723,58040,0.168690958,0,2.687801516
,,,,,,,,,,,,,,,,,,,,,,,,,,,,,,,,,,,,,,,,,,,
,,,,,,,,,,,,,,,,,,,,,,,,,,88923,108674,,,,,,,,,,,,,,,,
,,,,,,,,,,,,,,,,,,,,,,,,,,,,,,,,,,,,,,,,,,,
,,,,,,,,,,,,,,,,,,,,,,,,,150-250,0.818254596,,,,,,,,,,,,,,,,,
,,,, ,,,,,,,,,,,,,,,,,,,,,,,,,,,,,,,,,,,,,,,
