SampleID,Year,DPFS,Date,Date2,Night,percillum,Temp,ChangeTEMP24_hrs,ChangeTEMP48_hrs,ChangeTEMP72_hrs,Q,ChangeQ24_hrs,ChangeQ48_hrs,ChangeQ72_hrs,MoonPhase,CODE,LunarDay,Nsuckers5,Nsuckers100,Nsturgeon,Ninverts,Ninverts100,Nfamilies,InvertBiomass100,Aeshnidae,Ameletidae,Amphipoda,Anelida,Athericidae,Baetidae,Baetiscidae,Brachycentridae,Caenidae,Calopterygidae,Chironomidae,Chloroperlidae,Chrysomelidae,Coenagrionidae,Cordulegastridae,Corduliidae,Corixidae,Corydalidae,Cossidae,Crambidae,Crayfish,Curculionidae,Dytiscidae,Elmidae,Empidae,Ephemeridae,Ephemerillidae,Glossosomatidae,Gomphidae,Halipidae,Hebridae,Helicopsychidae,Heptageniidae,Hydrophilidae,Hydropsychidae,Isonychiidae,Isopoda,Lampyridae,Lepidoptera,Lepidostomatidae,Leptoceridae,Leptohyphidae,Leptophlebiidae,Libellulidae,Limnephilidae,Macromiidae,Macroveliidae,Mesoveliidae,Molannidae,Naucoridae,Nemouridae,Neophemeridae,Nepticulidae,Noctuidae,Notonectidae,Odontoceridae,Perlidae,Perlodidae,Philopotamidae,Phryganeidae,Polycentropodidae,Psephenidae,Psychomyiidae,Pyralidae,Simuliidae,Siphlonuridae,Tabanidae,Tipulidae,Uenoidae,Veliidae
ID1,2011,15,5/19/2011,19-May,1,96,13.657625,0.011875,0.185583333,0.617916667,12.7,-0.97,-6.02,-5.34,Waning Gibbous,WAG,15,0,0,0,71,1420,7,91.303,0,0,0,0,0,0,0,0,0,0,1,0,0,1,0,0,0,0,0,0,0,0,0,0,0,0,1,0,0,0,0,0,34,0,1,30,0,0,0,0,0,0,0,0,0,0,0,0,0,0,0,0,0,0,0,0,3,0,0,0,0,0,0,0,0,0,0,0,0,0
ID10,2011,24,5/28/2011,28-May,10,20,15.719875,-0.153958333,-0.0955,-1.520666667,8.77,-2.77,-1.7,-2.55,Waning Crescent,WNC,24,67,1340,0,106,2120,8,118.5814,0,0,0,0,0,0,0,0,0,0,2,0,0,0,0,0,0,0,0,0,0,0,0,0,0,2,0,0,1,0,0,0,30,0,1,54,0,0,0,0,15,0,0,0,0,1,0,0,0,0,0,0,0,0,0,0,0,0,0,0,0,0,0,0,0,0,0,0,0,0
ID100,2014,18,5/26/2014,26-May,1,7,18.37,1.02,2.14,3.2,NA,NA,NA,NA,Waning Crescent,WNC,27,31,620,1,362,7240,15,438.3656,0,0,2,1,0,22,0,10,0,0,0,0,0,0,0,0,0,0,0,0,0,0,0,8,0,0,10,0,1,0,0,0,37,0,3,210,0,0,0,0,1,0,0,0,1,0,0,0,0,0,0,0,0,0,0,0,6,0,0,0,0,0,0,0,49,0,1,0,0,0
ID101,2014,19,5/27/2014,27-May,2,3,19.26,0.88,1.9,3.02,NA,NA,NA,NA,Waning Crescent,WNC,28,459,9180,23,617,12340,14,815.5202,1,0,2,0,0,13,0,3,0,0,0,0,0,0,0,0,0,0,0,0,0,0,0,2,0,0,22,0,0,0,0,0,58,0,3,429,0,0,0,0,0,0,1,0,0,0,0,0,0,0,0,0,0,0,0,0,6,1,0,0,0,0,0,0,3,73,0,0,0,0
ID102,2014,20,5/28/2014,28-May,3,0,19.71,0.45,1.33,2.35,NA,NA,NA,NA,New Moon,NM,1,1219,24380,388,254,5080,10,327.791,2,0,0,0,0,6,0,2,0,0,0,0,0,0,0,0,0,0,0,0,0,0,0,0,0,0,34,0,2,0,0,0,30,0,6,167,0,0,0,0,0,0,0,0,0,0,0,0,0,0,0,0,0,0,0,0,4,0,0,0,0,0,0,0,1,0,0,0,0,0
ID103,2014,21,5/29/2014,29-May,4,3,20.3,0.59,1.04,1.93,NA,NA,NA,NA,Waxing Crescent,WXC,2,2355,47100,1269,356,7120,11,452.6172,5,0,0,0,0,0,0,4,0,0,0,0,0,0,0,0,0,0,0,0,0,0,0,2,0,0,101,1,1,0,0,0,33,0,0,203,0,0,0,0,0,0,0,0,0,0,0,0,0,0,0,0,0,0,0,0,3,0,0,0,0,0,0,0,1,2,0,0,0,0
ID104,2014,22,5/30/2014,30-May,5,8,20.67,0.38,0.97,1.42,NA,NA,NA,NA,Waxing Crescent,WXC,3,602,12040,2791,276,5520,13,357.8802,1,0,1,0,0,5,0,11,0,0,0,0,0,0,0,0,0,0,0,0,0,0,0,3,0,0,20,0,0,0,0,0,49,0,1,172,0,0,1,0,0,0,0,0,0,0,0,0,0,0,0,0,0,0,0,2,2,0,0,0,0,0,0,0,8,0,0,0,0,0
ID105,2014,23,5/31/2014,31-May,6,27,21.71,1.03,1.41,2,NA,NA,NA,NA,Waxing Crescent,WXC,4,51,1020,3123,109,2180,10,146.1942,2,0,0,0,0,2,0,5,0,0,0,0,0,0,0,0,0,0,0,0,0,0,0,1,0,0,10,0,2,0,0,0,29,0,0,49,0,0,0,0,0,0,0,0,0,0,0,0,0,0,0,0,0,0,0,1,0,0,0,0,0,0,0,0,0,8,0,0,0,0
ID106,2014,24,6/1/2014,1-Jun,7,11,21.75,0.04,1.07,1.45,NA,NA,NA,NA,Waxing Crescent,WXC,5,32,640,1214,184,3680,14,235.4822,0,0,1,0,0,2,0,4,0,0,1,0,0,0,0,0,0,0,0,0,0,0,0,6,1,0,4,0,3,0,0,0,35,0,5,117,0,0,0,0,2,0,0,0,0,0,0,0,0,0,0,0,0,0,0,2,0,0,0,0,0,0,0,0,0,0,1,0,0,0
ID107,2014,25,6/2/2014,2-Jun,8,18,21.98,0.23,0.28,1.31,NA,NA,NA,NA,Waxing Crescent,WXC,6,13,260,705,212,4240,14,265.4784,0,0,1,0,0,11,0,1,0,0,0,0,0,0,0,0,0,0,0,0,0,0,0,3,1,0,30,0,4,0,0,0,50,0,6,94,0,0,1,0,0,0,0,0,0,0,0,0,0,0,0,0,0,0,0,0,5,3,2,0,0,0,0,0,0,0,0,0,0,0
ID108,2014,26,6/3/2014,3-Jun,9,26,20.87,-1.11,-0.88,-0.83,NA,NA,NA,NA,Waxing Crescent,WXC,7,15,300,2062,91,1820,14,119.7268,0,0,0,0,0,3,0,4,0,0,0,0,0,1,0,0,0,0,0,0,0,0,0,1,0,0,19,1,2,0,0,0,15,0,2,38,0,0,2,0,0,0,0,0,0,0,0,0,0,0,0,0,0,0,0,1,1,1,0,0,0,0,0,0,0,0,0,0,0,0
ID109,2014,27,6/4/2014,4-Jun,10,35,20.31,-0.57,-1.68,-1.44,NA,NA,NA,NA,Waxing Crescent,WXC,8,21,420,2283,85,1700,12,115.8334,0,0,0,0,0,2,0,8,0,0,1,0,0,0,0,0,0,0,0,0,0,0,0,0,0,0,11,0,3,0,0,0,11,0,7,33,0,0,3,0,1,0,0,0,0,0,0,0,0,0,0,0,0,0,0,0,4,1,0,0,0,0,0,0,0,0,0,0,0,0
ID11,2011,25,5/29/2011,29-May,11,5,15.38570833,-0.334166667,-0.488125,-0.429666667,10.19,1.42,-1.35,-0.27,Waning Crescent,WNC,25,49,980,661,81,1620,10,89.2188,0,0,0,0,0,0,0,0,0,0,1,0,0,0,0,0,0,0,0,0,0,0,0,0,0,1,3,0,0,0,0,0,25,0,1,36,0,0,1,0,11,0,0,0,0,0,0,0,0,0,0,0,0,0,0,0,0,1,0,0,0,1,0,0,0,0,0,0,0,0
ID110,2014,28,6/5/2014,5-Jun,11,44,20.22,-0.09,-0.66,-1.77,NA,NA,NA,NA,First Quarter,FQ,9,21,420,963,143,2860,14,208.773,0,0,0,0,0,1,0,1,0,0,0,0,0,0,0,0,0,0,0,0,0,0,0,3,1,0,63,0,7,0,0,0,14,0,2,36,0,0,1,0,2,0,0,0,1,0,0,0,0,0,0,0,0,0,0,0,10,0,0,0,0,0,0,0,0,1,0,0,0,0
ID111,2014,29,6/6/2014,6-Jun,12,54,20.4,0.19,0.1,-0.47,NA,NA,NA,NA,Waxing Gibbous,WXG,10,201,4020,425,197,3940,11,259.3268,0,0,0,0,0,0,0,1,0,0,0,0,0,0,0,0,0,0,0,0,0,0,1,0,0,0,36,0,5,0,0,0,17,0,3,126,0,0,2,0,0,0,0,1,0,0,0,0,0,0,0,0,0,0,0,4,0,0,0,0,0,0,0,0,0,1,0,0,0,0
ID112,2014,30,6/7/2014,7-Jun,13,63,20.66,0.25,0.44,0.35,NA,NA,NA,NA,Waxing Gibbous,WXG,11,391,7820,164,128,2560,13,177.6388,0,0,0,0,1,3,0,0,0,0,0,0,0,1,0,0,0,0,0,0,0,0,0,1,1,0,46,0,14,0,0,0,7,0,4,46,0,0,1,0,0,0,0,0,0,0,0,0,0,0,0,0,0,0,0,0,0,0,0,0,0,0,0,2,0,1,0,0,0,0
ID113,2014,31,6/8/2014,8-Jun,14,73,20.04,-0.62,-0.37,-0.18,NA,NA,NA,NA,Waxing Gibbous,WXG,12,670,13400,47,90,1800,11,120.4494,0,0,0,0,1,1,0,2,0,0,0,0,0,0,0,0,0,0,0,0,0,0,0,0,0,0,10,0,5,0,0,0,9,0,4,54,0,0,0,0,2,0,0,0,0,0,0,0,0,0,0,0,0,0,0,0,1,1,0,0,0,0,0,0,0,0,0,0,0,0
ID114,2014,32,6/9/2014,9-Jun,15,81,20.73,0.7,0.07,0.33,NA,NA,NA,NA,Waxing Gibbous,WXG,13,2195,43900,11,85,1700,14,103.4104,0,0,0,0,0,3,0,1,0,0,2,0,0,1,0,0,0,0,0,0,0,0,0,4,1,0,20,0,3,0,0,0,14,0,1,29,0,0,0,0,3,0,0,0,0,0,0,0,0,0,0,0,0,0,0,0,2,0,0,0,0,0,0,0,0,1,0,0,0,0
ID115,2014,33,6/10/2014,10-Jun,16,89,20.65,-0.08,0.62,0,NA,NA,NA,NA,Waxing Gibbous,WXG,14,3233,64660,2,72,1440,10,95.9346,1,0,0,0,0,0,0,1,0,0,0,0,0,0,0,0,0,0,0,0,0,0,0,0,0,0,26,0,5,0,0,0,8,0,2,26,0,0,1,0,0,0,0,0,0,0,0,0,0,0,0,1,0,0,0,1,0,0,0,0,0,0,0,0,0,0,0,0,0,0
ID116,2014,34,6/11/2014,11-Jun,17,95,20.1,-0.56,-0.64,0.06,NA,NA,NA,NA,Waxing Gibbous,WXG,15,2667,53340,1,69,1380,9,113.3088,0,0,0,0,0,0,0,0,0,1,0,0,0,0,0,0,0,0,0,0,1,0,0,2,0,0,12,0,15,0,0,0,5,0,1,31,0,0,0,0,0,0,0,0,0,0,0,0,0,0,0,0,0,0,0,0,1,0,0,0,0,0,0,0,0,0,0,0,0,0
ID117,2014,35,6/12/2014,12-Jun,18,99,20.04,-0.05,-0.61,-0.69,NA,NA,NA,NA,Full Moon,FM,16,738,14760,0,70,1400,16,91.386,0,0,1,0,0,5,0,2,0,0,0,0,0,0,0,0,0,0,0,0,3,0,0,2,0,0,4,0,6,0,0,0,6,0,2,32,0,0,1,0,2,0,0,0,0,0,0,0,0,0,0,0,0,0,0,1,1,1,0,0,0,0,0,0,1,0,0,0,0,0
ID118,2014,36,6/13/2014,13-Jun,19,100,18.9,-1.15,-1.2,-1.76,NA,NA,NA,NA,Full Moon,FM,17,358,7160,0,81,1620,12,99.8594,0,0,0,0,0,3,0,0,0,0,0,0,0,2,0,0,0,0,0,0,15,0,1,2,0,0,9,0,7,0,0,0,7,0,1,31,0,0,1,0,0,0,0,0,0,0,0,0,0,0,0,0,0,0,0,0,2,0,0,0,0,0,0,0,0,0,0,0,0,0
ID119,2014,47,6/23/2014,23-Jun,20,16,19.16,0.06,1.01,0.78,NA,NA,NA,NA,Waning Crescent,WNC,25,11,220,1,79,1580,9,67.9388,0,0,0,0,0,2,0,0,0,0,0,0,0,1,0,0,0,0,0,0,29,0,0,3,0,0,0,0,2,0,0,0,5,0,2,31,0,0,0,0,0,0,0,0,0,0,0,0,0,0,0,0,0,0,0,4,0,0,0,0,0,0,0,0,0,0,0,0,0,0
ID12,2011,26,5/30/2011,30-May,12,2,17.06891667,1.683208333,1.349041667,1.195083333,8.8,-1.38,0.04,-2.73,Waning Crescent,WNC,26,50,1000,502,53,1060,7,64.8986,0,0,0,0,0,1,0,2,0,0,0,0,0,0,0,0,0,0,0,0,0,0,0,0,0,0,2,0,1,0,0,0,10,0,0,30,0,0,0,0,7,0,0,0,0,0,0,0,0,0,0,0,0,0,0,0,0,0,0,0,0,0,0,0,0,0,0,0,0,0
ID120,2014,48,6/24/2014,24-Jun,21,10,19.14,-0.03,0.03,0.98,NA,NA,NA,NA,Waning Crescent,WNC,26,10,200,0,43,860,8,53.7086,0,0,0,0,0,2,0,0,0,0,0,0,0,0,0,0,0,0,0,0,2,0,0,0,0,0,5,0,4,0,0,0,6,0,0,17,0,0,0,0,0,0,0,0,0,0,0,0,0,0,0,0,0,0,0,0,1,0,0,0,0,0,0,0,6,0,0,0,0,0
ID121,2014,50,6/26/2014,26-Jun,22,1,19.49,0.5,0.36,0.33,NA,NA,NA,NA,Waning Crescent,WNC,27,9,180,0,53,1060,9,70.2256,0,0,0,0,0,2,0,6,0,0,0,0,0,0,0,0,0,0,0,0,4,0,0,0,0,0,0,0,0,0,0,0,11,0,1,25,0,0,1,0,0,0,0,0,0,0,0,0,0,0,0,0,0,0,0,0,2,1,0,0,0,0,0,0,0,0,0,0,0,0
ID122,2014,52,6/28/2014,28-Jun,23,1,22.22,1.46,2.73,3.23,NA,NA,NA,NA,Waning Crescent,WNC,28,0,0,0,40,800,11,49.5832,1,0,2,0,0,1,0,0,0,0,0,0,0,0,0,0,0,0,0,0,1,0,0,0,0,0,0,0,2,0,0,0,10,0,2,18,0,0,1,0,0,0,0,0,0,0,0,0,0,0,0,1,0,0,0,0,1,0,0,0,0,0,0,0,0,0,0,0,0,0
ID123,2015,15,5/18/2015,18-May,1,0,16.59,0.701,2.906,3.1,10.21,2.71,2.52,1.07,New Moon,NM,0,4065,81300,5,137,2740,14,146.783,0,0,1,0,1,1,0,0,0,0,0,0,0,0,0,0,0,0,0,0,1,0,0,3,0,4,0,0,1,0,0,0,33,0,6,63,0,0,0,0,14,0,0,0,0,0,0,0,0,0,0,0,0,1,0,0,0,5,0,0,0,0,0,0,0,3,0,0,0,0
ID124,2015,16,5/19/2015,19-May,2,2,15.34,-1.252,-0.551,1.654,8.53,-1.68,1.03,0.84,New Moon,NM,1,1703,34060,28,247,4940,18,270.1982,0,0,0,0,2,1,0,1,0,0,11,0,0,0,0,0,0,0,0,0,0,0,0,15,0,15,0,0,2,0,0,3,48,0,14,87,0,0,0,4,26,0,0,0,1,0,0,0,0,0,0,0,0,0,0,0,4,11,0,0,0,0,0,0,1,0,1,0,0,0
ID125,2015,17,5/20/2015,20-May,3,5,14.99,-0.352,-1.604,-0.903,7.12,-1.41,-3.08,-0.38,Waxing Crescent,WXC,2,9269,185380,73,490,9800,20,561.8926,0,0,2,0,1,1,0,1,0,0,8,0,0,0,0,0,0,0,0,0,0,0,0,15,0,17,0,0,1,0,0,1,45,0,29,317,0,0,0,2,26,0,1,0,0,0,0,0,0,0,1,0,0,0,0,0,0,7,1,0,0,0,0,0,1,13,0,0,0,0
ID126,2015,18,5/21/2015,21-May,4,11,15.07,0.077,-0.276,-1.527,7.83,0.71,-0.7,-2.38,Waxing Crescent,WXC,3,2024,40480,97,207,4140,15,206.4904,0,0,3,0,0,0,0,0,0,1,11,0,0,1,0,0,0,0,0,0,0,0,0,12,0,16,1,0,2,0,0,0,36,0,10,73,0,0,0,4,21,0,0,0,0,0,0,0,0,0,0,0,0,0,0,0,0,9,0,0,0,0,0,0,0,7,0,0,0,0
ID127,2015,19,5/22/2015,22-May,5,18,14.83,-0.239,-0.163,-0.515,7.78,-0.05,0.66,-0.75,Waxing Crescent,WXC,4,1291,25820,84,263,5260,20,251.4108,0,0,0,1,0,2,0,1,0,0,11,0,0,0,0,0,0,2,0,0,1,0,0,36,0,21,0,0,0,0,0,4,45,0,8,90,0,0,0,0,21,0,0,0,0,0,0,0,0,0,0,0,0,0,0,0,1,10,1,0,1,0,0,0,4,2,0,1,0,0
ID128,2015,20,5/23/2015,23-May,6,27,15.1,0.269,0.03,0.106,6.31,-1.47,-1.52,-0.81,Waxing Crescent,WXC,5,553,11060,131,232,4640,19,232.086,0,0,3,0,1,2,0,1,0,0,7,0,0,0,0,0,0,0,0,0,0,0,0,23,0,10,0,0,0,0,0,3,31,0,9,99,0,0,0,2,21,0,0,0,0,0,0,0,0,0,0,0,0,1,0,0,0,9,0,0,0,0,0,0,2,7,1,0,0,0
ID129,2015,21,5/24/2015,24-May,7,36,15.66,0.559,0.828,0.589,7.43,1.12,-0.35,-0.4,Waxing Crescent,WXC,6,168,3360,124,146,2920,16,132.7424,0,0,1,0,0,0,0,2,0,0,15,0,0,0,0,0,0,0,0,0,0,0,0,5,0,6,0,0,1,0,0,0,42,0,11,37,1,0,0,2,17,0,0,0,0,0,0,0,0,0,0,0,0,0,0,0,0,3,1,0,0,0,0,0,1,0,1,0,0,0
ID13,2011,27,5/31/2011,31-May,13,7,18.84616667,1.77725,3.460458333,3.126291667,7.74,-1.06,-2.44,-1.02,Waning Crescent,WNC,27,0,0,669,0,0,0,0,0,0,0,0,0,0,0,0,0,0,0,0,0,0,0,0,0,0,0,0,0,0,0,0,0,0,0,0,0,0,0,0,0,0,0,0,0,0,0,0,0,0,0,0,0,0,0,0,0,0,0,0,0,0,0,0,0,0,0,0,0,0,0,0,0,0,0,0,0,0
ID130,2015,32,6/4/2015,4-Jun,8,97,17.78,0.365,1.21,1.504,9.13,-2.51,-5.38,-7.03,Waning Gibbous,WAG,17,79,1580,550,106,2120,11,112.6612,0,0,0,0,0,3,0,0,0,0,5,0,0,0,0,0,0,0,0,0,0,0,0,8,0,7,0,0,2,0,0,0,21,0,10,36,0,0,0,3,8,0,0,0,0,0,0,0,0,0,0,0,0,0,0,0,3,0,0,0,0,0,0,0,0,0,0,0,0,0
ID131,2015,33,6/5/2015,5-Jun,9,92,17.32,-0.464,-0.098,0.747,8.38,-0.75,-3.26,-6.13,Waning Gibbous,WAG,18,191,3820,156,84,1680,13,89.8142,0,0,0,0,0,4,0,0,0,0,1,0,0,0,0,0,0,0,0,0,0,0,0,9,0,4,0,0,2,0,0,2,21,0,8,23,0,0,0,0,6,0,0,0,0,0,0,0,0,0,0,0,0,0,0,0,2,0,0,0,0,0,0,0,0,2,0,0,0,0
ID132,2015,34,6/6/2015,6-Jun,10,85,17.91,0.594,0.131,0.496,7.4,-0.98,-1.73,-4.24,Waning Gibbous,WAG,19,512,10240,50,119,2380,18,100.123,0,0,1,1,0,6,0,0,0,0,5,0,0,0,0,0,0,0,0,1,1,0,0,1,0,5,0,0,1,0,0,1,29,0,25,22,0,0,0,1,12,0,0,0,0,0,0,0,0,0,0,0,0,0,0,0,5,1,0,0,0,0,0,0,0,0,1,0,0,0
ID133,2015,35,6/7/2015,7-Jun,11,77,17.36,-0.559,0.035,-0.428,8.36,0.96,-0.02,-0.77,Waning Gibbous,WAG,20,87,1740,17,16,320,7,22.9214,0,0,0,0,0,1,0,0,0,0,0,0,0,0,0,0,0,0,0,0,0,0,0,0,0,2,0,0,2,0,0,0,6,0,1,3,0,0,0,0,0,0,0,0,0,0,0,0,0,0,0,0,0,0,0,0,1,0,0,0,0,0,0,0,0,0,0,0,0,0
ID134,2015,36,6/8/2015,8-Jun,12,66,16.91,-0.448,-1.007,-0.413,8.68,0.32,1.28,0.3,Last Quarter,LQ,21,81,1620,18,55,1100,9,45.4972,0,0,0,0,0,5,0,0,0,0,2,0,0,0,0,0,0,0,0,0,0,0,0,9,0,2,0,0,0,0,0,0,10,0,10,12,0,0,0,0,4,0,0,0,0,0,0,0,0,0,0,0,0,0,0,0,0,1,0,0,0,0,0,0,0,0,0,0,0,0
ID135,2015,37,6/9/2015,9-Jun,13,55,17.68,0.773,0.325,-0.234,8.53,-0.14,0.17,1.14,Last Quarter,LQ,22,198,3960,49,42,840,10,36.613,0,0,0,0,0,2,0,0,0,0,2,0,0,0,0,0,0,0,0,0,0,0,0,3,0,4,0,0,0,0,0,0,8,0,4,11,0,0,0,0,6,0,0,0,0,0,0,0,0,0,0,0,0,0,0,0,1,0,0,0,0,0,0,0,1,0,0,0,0,0
ID136,2015,47,6/19/2015,19-Jun,14,8,19.87,0.136,0.243,1.135,8.68,-2.13,-4.08,-4.65,Waxing Crescent,WXC,3,121,2420,96,107,2140,15,84.134,0,0,0,1,0,15,0,4,0,0,8,0,0,0,0,0,0,0,0,0,26,0,0,6,0,3,0,0,2,0,0,1,13,0,4,14,0,0,0,0,8,0,0,0,0,0,0,0,0,0,0,0,0,0,0,0,1,0,0,0,0,0,0,0,1,0,0,0,0,0
ID137,2015,48,6/20/2015,20-Jun,15,14,19.92,0.051,0.187,0.294,7.99,-0.69,-2.82,-4.77,Waxing Crescent,WXC,4,19,380,38,35,700,10,26.7656,0,0,0,0,0,4,0,0,0,0,3,0,0,0,0,0,0,0,0,0,7,0,0,0,0,4,0,0,0,0,0,0,7,0,2,2,0,0,0,0,2,0,0,0,0,0,0,0,0,0,0,0,0,0,0,0,3,0,1,0,0,0,0,0,0,0,0,0,0,0
ID138,2015,49,6/21/2015,21-Jun,16,21,19.67,-0.243,-0.191,-0.055,7.44,-0.55,-1.24,-3.37,Waxing Crescent,WXC,5,120,2400,20,164,3280,12,136.615,0,0,0,0,0,33,0,5,0,0,19,0,0,0,0,0,0,0,0,0,11,0,0,10,0,10,0,0,2,0,0,0,23,0,15,22,0,0,0,0,12,0,0,0,0,0,0,0,0,0,0,0,0,0,0,0,1,0,0,0,1,0,0,0,0,0,0,0,0,0
ID139,2015,50,6/22/2015,22-Jun,17,29,20.34,0.664,0.421,0.472,6.57,-0.88,-1.43,-2.11,Waxing Crescent,WXC,6,19,380,12,51,1020,15,36.8616,0,0,1,0,0,4,0,3,1,0,4,0,0,0,0,0,0,0,0,0,8,0,0,3,0,7,0,0,0,0,0,0,6,0,4,1,0,0,0,1,5,0,0,0,0,0,0,0,0,0,0,0,0,0,0,0,1,0,0,0,0,0,0,0,2,0,0,0,0,0
ID14,2011,28,6/1/2011,1-Jun,14,0,17.755875,-1.090291667,0.686958333,2.370166667,8.49,0.75,-0.31,-1.7,New Moon,NM,0,18,360,0,37,740,7,48.5876,0,0,0,0,0,0,0,0,0,0,0,0,0,0,0,0,0,0,0,0,0,1,0,0,0,0,4,0,2,0,0,0,7,0,0,19,0,0,0,0,2,0,0,0,0,0,0,0,0,0,0,0,0,0,0,0,2,0,0,0,0,0,0,0,0,0,0,0,0,0
ID140,2015,51,6/23/2015,23-Jun,18,38,19.72,-0.616,0.048,-0.195,8.14,1.58,0.7,0.15,First Quarter,FQ,7,25,500,8,66,1320,12,49.21,0,0,0,0,0,4,0,6,0,0,14,0,0,0,0,0,0,0,0,0,3,0,0,6,0,4,0,0,0,0,0,0,7,0,3,7,0,0,0,0,9,0,0,0,0,0,0,0,0,0,0,0,0,0,0,0,1,0,0,0,0,0,0,0,2,0,0,0,0,0
ID141,2015,52,6/24/2015,24-Jun,19,48,20.08,0.358,-0.258,0.406,7.4,-0.74,0.84,-0.04,First Quarter,FQ,7,43,860,42,40,800,12,25.589,0,0,2,0,0,0,0,0,0,0,12,0,0,0,0,0,1,0,0,0,2,0,0,1,0,4,0,0,0,0,0,0,8,0,2,4,0,0,0,1,2,0,0,0,0,0,0,0,0,0,0,0,0,0,0,0,0,0,0,0,0,0,0,0,1,0,0,0,0,0
ID142,2015,53,6/25/2015,25-Jun,20,57,20.27,0.19,0.548,-0.068,6.38,-1.03,-1.76,-0.19,First Quarter,FQ,8,36,720,44,67,1340,13,37.5162,0,0,0,0,0,7,0,7,1,1,21,0,0,0,0,0,0,0,0,0,3,0,0,4,0,2,0,0,0,0,0,0,3,0,7,1,0,0,0,0,6,0,0,0,0,0,0,0,0,0,0,0,0,0,0,0,0,0,0,0,0,0,0,0,4,0,0,0,0,0
ID143,2015,54,6/26/2015,26-Jun,21,57,20.63,0.359,0.548,0.906,7.12,0.74,-0.28,-1.02,Waxing Gibbous,WXG,9,13,260,34,11,220,7,10.0172,0,0,0,1,0,2,0,0,0,0,0,0,0,0,0,0,0,0,0,0,2,0,0,0,0,2,0,0,0,0,0,0,1,0,0,1,0,0,0,0,0,0,0,0,0,0,0,0,0,0,0,0,0,0,0,0,2,0,0,0,0,0,0,0,0,0,0,0,0,0
ID144,2015,55,6/27/2015,27-Jun,22,75,21.21,0.581,0.939,1.129,6.47,-0.65,0.09,-0.93,Waxing Gibbous,WXG,10,15,300,21,22,440,9,18.168,0,0,0,0,0,4,0,1,0,0,0,0,0,0,0,0,0,0,0,0,3,1,0,0,0,0,0,0,0,0,0,0,0,0,1,7,0,0,0,0,3,0,0,0,0,0,0,0,0,0,0,0,0,0,0,0,1,0,0,0,0,0,0,0,1,0,0,0,0,0
ID145,2015,56,6/28/2015,28-Jun,23,83,21.05,-0.156,0.425,0.784,5.79,-0.67,-1.33,-0.58,Waxing Gibbous,WXG,11,21,420,17,14,280,9,21.0556,0,0,0,0,0,1,0,1,0,0,0,0,0,0,0,0,0,0,0,0,0,1,0,0,0,0,0,0,3,0,0,0,1,0,0,3,0,0,0,0,1,0,0,0,0,0,0,0,0,0,0,0,0,0,0,0,2,0,0,0,0,0,0,0,1,0,0,0,0,0
ID146,2015,57,6/29/2015,29-Jun,24,93,21.38,0.328,0.172,0.753,6.11,0.32,-0.35,-1.01,Waxing Gibbous,WXG,12,3,60,5,15,300,10,14.305,0,0,0,0,0,1,0,0,0,0,2,0,0,0,0,0,0,0,0,0,1,0,0,1,0,2,0,0,1,0,0,0,2,0,0,1,0,0,0,0,2,0,0,0,0,0,0,0,0,0,0,0,0,0,0,0,2,0,0,0,0,0,0,0,0,0,0,0,0,0
ID147,2015,58,6/30/2015,30-Jun,25,98,20.91,-0.473,-0.144,-0.3,7.38,1.27,1.59,0.92,Waxing Gibbous,WXG,13,16,320,4,28,560,12,16.9164,0,0,0,0,0,3,0,1,0,0,6,0,0,0,0,0,0,0,0,0,5,0,0,5,0,1,0,0,0,0,0,0,2,1,0,1,0,0,0,0,0,0,0,0,0,0,1,0,0,0,0,0,0,0,0,0,1,0,0,0,0,0,0,0,0,0,0,0,0,1
ID148,2015,61,7/3/2015,3-Jul,26,98,19.81,0.602,0.79,-1.104,8.07,-1.13,-2.36,0.69,Waning Gibbous,WAG,16,41,820,0,60,1200,12,60.1644,0,0,0,0,0,19,0,9,1,0,8,0,0,0,0,0,0,0,0,0,0,0,0,3,0,0,0,0,1,0,0,0,5,0,5,4,0,0,0,0,2,0,0,0,0,0,0,0,0,0,0,0,0,0,0,0,2,0,0,0,0,0,0,0,1,0,0,0,0,0
ID149,2015,63,7/5/2015,5-Jul,27,87,20.85,0.541,1.041,1.644,6.78,-0.19,-1.29,-2.42,Waning Gibbous,WAG,18,35,700,0,78,1560,13,63.5168,0,0,1,0,0,9,0,4,0,0,7,0,0,0,0,0,0,0,0,0,0,0,0,10,0,1,0,0,0,0,0,0,15,0,9,7,0,0,0,0,7,1,0,0,0,0,0,0,0,0,0,0,0,0,0,0,4,0,0,0,0,0,0,0,3,0,0,0,0,0
ID15,2011,29,6/2/2011,2-Jun,15,0,17.61704167,-0.138833333,-1.229125,0.548125,8.3,-0.19,0.55,-0.51,Waxing Crescent,WXC,1,7,140,333,57,1140,11,59.3862,0,0,0,0,1,0,0,1,0,0,1,0,0,1,0,0,0,0,0,0,0,0,0,0,0,0,2,0,0,0,0,0,10,0,2,29,0,0,0,0,8,0,0,0,0,1,0,0,0,0,0,0,0,0,0,0,0,0,1,0,0,0,0,0,0,0,0,0,0,0
ID150,2016,15,5/18/2016,18-May,1,88,12.22,0.86,1.32,0.68,12.19,-0.39,-3.07,-4.35,Waxing Gibbous,WXG,12,40,800,0,28,560,12,34.4572,0,0,0,0,0,0,1,0,0,0,1,0,0,0,0,0,0,0,0,0,0,0,0,4,0,0,4,0,4,0,0,1,4,0,0,2,0,0,0,2,3,0,0,0,0,0,0,0,0,0,0,0,0,0,0,0,0,1,0,0,0,0,0,0,1,0,0,0,0,0
ID151,2016,17,5/20/2016,20-May,2,97,14.99,1.51,2.77,3.63,11.55,0.95,-0.64,-1.03,Waxing Gibbous,WXG,14,92,1840,0,42,840,12,27.2712,0,0,0,0,0,0,0,0,0,0,0,0,0,0,0,0,0,0,0,0,0,0,0,1,0,0,1,0,0,1,0,4,4,0,3,6,0,0,0,2,16,0,0,0,0,0,0,0,0,0,0,0,0,0,0,0,0,2,1,0,0,1,0,0,0,0,0,0,0,0
ID152,2016,19,5/22/2016,22-May,3,100,16.64,0.66,1.65,3.16,10.91,1.97,-0.64,0.32,Waning Gibbous,WAG,16,5898,117960,7,130,2600,15,129.8536,0,0,0,0,0,1,0,1,0,0,3,0,0,0,0,0,0,1,0,0,0,0,0,8,0,0,16,0,0,0,0,5,13,0,6,32,1,0,0,3,38,0,0,0,1,0,0,0,0,0,0,0,0,0,0,0,0,1,0,0,0,0,0,0,0,0,0,0,0,0
ID153,2016,20,5/23/2016,23-May,4,98,17.64,1,1.66,2.65,7.8,-3.11,-1.14,-3.75,Waning Gibbous,WAG,17,1983,39660,202,207,4140,16,202.3424,0,0,0,0,0,1,0,3,0,0,0,0,0,0,0,0,0,0,0,0,0,0,0,1,0,0,11,0,1,1,0,5,21,0,19,88,0,0,0,5,43,0,0,0,0,0,0,0,0,0,0,0,0,0,0,0,0,1,1,0,0,0,0,0,1,5,0,0,0,0
ID154,2016,21,5/24/2016,24-May,5,95,18.07,0.43,1.43,2.08,8.61,0.81,-2.3,-0.33,Waning Gibbous,WAG,18,494,9880,513,176,3520,21,206.8462,0,0,1,0,0,0,0,1,0,0,7,0,0,1,0,0,0,1,0,0,0,0,0,7,0,1,7,0,3,0,0,3,39,0,10,39,0,0,0,18,30,0,0,0,1,0,0,0,0,0,0,0,0,0,0,0,1,3,1,0,1,1,0,0,0,0,0,0,0,0
ID155,2016,22,5/25/2016,25-May,6,89,18.77,0.69,1.12,2.12,8.88,0.27,1.08,-2.03,Waning Gibbous,WAG,19,95,1900,706,222,4440,17,213.4088,0,0,1,0,0,2,0,0,0,0,8,0,0,0,0,0,0,0,0,0,0,1,0,14,0,0,15,0,0,0,0,5,59,0,10,53,0,0,0,9,35,0,0,0,0,2,0,0,0,0,0,0,0,0,0,0,3,2,0,0,2,0,0,0,1,0,0,0,0,0
ID156,2016,23,5/26/2016,26-May,7,82,19.69,0.92,1.62,2.05,9.28,0.4,0.67,1.48,Waning Gibbous,WAG,20,17,340,672,155,3100,18,153.0434,0,0,1,0,2,2,0,0,0,0,1,0,0,0,0,0,0,1,0,0,0,0,0,8,0,0,16,0,2,0,0,6,30,0,14,21,0,0,0,17,30,0,0,0,0,0,0,0,0,0,0,0,0,0,0,0,1,0,0,0,0,1,0,0,0,1,1,0,0,0
ID157,2016,24,5/27/2016,27-May,8,74,20.33,0.64,1.56,2.25,9,-0.28,0.12,0.39,Waning Gibbous,WAG,21,36,720,504,147,2940,15,173.51,0,0,0,0,0,6,0,6,0,0,8,0,0,0,0,0,0,0,0,0,0,0,0,10,0,0,16,0,4,0,0,4,31,0,17,13,0,0,0,9,19,0,0,0,1,0,0,0,0,0,0,0,0,0,0,0,2,0,0,0,0,0,0,0,1,0,0,0,0,0
ID158,2016,25,5/28/2016,28-May,9,64,21.43,1.11,1.74,2.67,10.81,1.81,1.53,1.92,Waning Gibbous,WAG,22,8,160,296,182,3640,17,215.2452,0,0,2,0,0,1,0,2,0,0,20,0,0,0,0,0,0,1,0,0,0,0,0,9,0,0,13,0,4,0,0,3,42,0,6,44,0,0,0,12,20,0,0,0,1,0,0,0,0,0,0,0,0,0,0,0,1,0,1,0,0,0,0,0,0,0,0,0,0,0
ID159,2016,26,5/29/2016,29-May,10,53,21.93,0.49,1.6,2.24,9,-1.81,0,-0.28,Last Quarter,LQ,23,9,180,248,125,2500,15,114.5394,0,0,3,0,0,1,0,1,0,0,7,0,0,0,0,0,0,0,0,0,0,0,0,5,0,0,5,0,1,0,0,9,27,0,3,15,0,0,0,12,34,0,0,0,0,0,0,0,0,0,0,0,0,0,0,0,1,0,0,0,0,0,0,0,1,0,0,0,0,0
ID16,2011,30,6/3/2011,3-Jun,16,2,18.32270833,0.705666667,0.566833333,-0.523458333,8.24,-0.05,-0.25,0.5,Waxing Crescent,WXC,2,8,160,480,37,740,6,45.243,0,0,0,0,0,0,0,0,0,0,0,0,0,1,0,0,0,0,0,0,0,0,0,2,0,0,9,0,0,0,0,0,5,0,0,19,0,0,0,0,1,0,0,0,0,0,0,0,0,0,0,0,0,0,0,0,0,0,0,0,0,0,0,0,0,0,0,0,0,0
ID160,2016,27,5/30/2016,30-May,11,23,21.48,-0.45,0.04,1.15,8.83,-0.17,-1.98,-0.17,Waning Crescent,WNC,24,12,240,129,49,980,12,44.1508,0,0,2,0,0,2,0,0,0,0,5,0,0,0,0,0,0,0,0,0,0,0,0,3,0,0,3,0,0,0,0,5,2,0,2,3,0,0,0,9,12,0,0,0,0,0,0,0,0,0,0,0,0,0,0,0,0,0,0,0,0,0,0,0,0,1,0,0,0,0
ID161,2016,28,5/31/2016,31-May,12,1,21.75,0.28,-0.17,0.32,8.74,-0.09,-0.26,-2.07,Waning Crescent,WNC,25,13,260,72,117,2340,15,133.874,0,0,0,0,0,0,0,1,0,0,23,0,0,0,0,0,1,0,0,0,0,0,0,5,0,0,6,0,0,0,0,5,9,0,3,26,0,0,0,16,16,0,0,0,1,1,0,0,0,0,0,0,0,0,0,0,2,0,0,0,0,0,0,0,0,0,0,2,0,0
ID162,2016,29,6/1/2016,1-Jun,13,21,20.84,-0.91,-0.64,-1.09,7.67,-1.07,-1.16,-1.33,Waning Crescent,WNC,26,53,1060,43,91,1820,15,77.934,0,0,1,0,0,3,0,0,0,0,11,0,0,0,0,0,0,0,0,0,0,0,0,4,0,0,4,0,1,1,0,1,16,0,10,11,0,0,0,10,16,0,0,0,0,0,0,0,0,0,0,0,0,0,0,0,1,0,0,0,0,0,0,1,0,0,0,0,0,0
ID163,2016,30,6/2/2016,2-Jun,14,12,19.92,-0.92,-1.83,-1.56,7.86,0.19,-0.87,-0.96,Waning Crescent,WNC,27,190,3800,134,105,2100,16,78.681,0,0,2,0,1,8,0,3,0,0,16,0,0,0,0,0,0,0,0,0,0,0,0,10,0,0,3,0,0,0,0,1,12,0,14,11,0,0,0,6,15,0,0,0,0,0,0,0,0,0,0,0,0,0,0,0,1,0,0,0,0,0,0,0,0,1,1,0,0,0
ID164,2016,31,6/3/2016,3-Jun,15,6,19.92,0,-0.92,-1.83,8.53,0.66,0.86,-0.21,Waning Crescent,WNC,28,1204,24080,167,124,2480,13,119.631,0,0,2,0,0,6,0,0,0,0,8,0,0,0,0,0,0,0,0,0,0,0,0,7,0,0,8,0,0,0,0,1,11,0,11,43,0,0,0,9,16,0,0,0,0,0,0,0,0,0,0,0,0,0,0,0,1,0,1,0,0,0,0,0,0,0,0,0,0,0
ID165,2016,32,6/4/2016,4-Jun,16,1,20.49,0.57,0.57,-0.35,8.05,-0.48,0.19,0.38,New Moon,NM,1,673,13460,86,64,1280,12,54.2496,0,0,1,0,0,0,0,0,0,0,7,0,0,0,0,0,0,1,0,0,0,0,0,5,0,0,1,0,1,0,0,0,5,0,6,19,0,0,0,5,12,0,0,0,0,0,0,0,0,0,0,0,0,0,0,0,0,0,0,0,1,0,0,0,0,0,0,0,0,0
ID166,2016,33,6/5/2016,5-Jun,17,0,19.39,-1.1,-0.53,-0.53,7.82,-0.23,-0.71,-0.05,Waxing Crescent,WXC,2,395,7900,19,41,820,12,26.9768,0,0,0,0,0,1,0,0,0,0,5,0,0,0,0,0,0,0,0,0,4,0,0,5,0,0,3,0,0,0,0,0,3,0,4,8,0,0,0,0,5,0,0,0,0,0,0,0,0,0,0,0,0,0,0,0,1,1,0,0,0,0,0,0,1,0,0,0,0,0
ID167,2016,34,6/6/2016,6-Jun,18,2,18.43,-0.96,-2.06,-1.49,9.35,1.53,1.3,0.82,Waxing Crescent,WXC,3,192,3840,8,92,1840,12,61.7998,0,0,0,0,0,4,0,0,1,0,7,0,0,0,0,0,0,0,0,0,27,0,0,5,0,0,2,0,0,0,0,0,6,0,10,17,0,0,0,4,7,0,0,0,0,0,0,0,0,0,0,0,0,0,0,0,2,0,0,0,0,0,0,0,0,0,0,0,0,0
ID168,2016,35,6/7/2016,7-Jun,19,6,17.62,-0.81,-1.77,-2.87,8.98,-0.37,1.17,0.93,Waxing Crescent,WXC,4,117,2340,8,89,1780,15,57.8126,0,0,0,0,0,2,0,0,0,0,9,0,0,0,0,0,0,0,0,0,32,0,0,6,0,0,3,0,2,0,0,1,4,0,0,8,0,0,0,6,12,0,0,0,0,0,0,0,0,0,0,0,0,0,0,0,0,0,1,0,0,0,0,1,0,1,1,0,0,0
ID169,2016,36,6/8/2016,8-Jun,20,12,16.75,-0.86,-1.68,-2.64,9.6,0.62,0.25,1.78,Waxing Crescent,WXC,5,89,1780,3,156,3120,15,78.2136,0,0,0,0,0,7,0,1,0,0,9,0,0,0,0,0,0,0,0,0,64,0,0,8,0,0,6,0,0,1,0,0,11,0,16,13,0,0,0,1,14,0,0,0,0,0,0,0,0,0,0,0,0,0,0,0,1,0,0,0,2,0,0,0,0,0,2,0,0,0
ID17,2011,31,6/4/2011,4-Jun,17,6,18.69129167,0.368583333,1.07425,0.935416667,7.86,-0.38,-0.43,-0.63,Waxing Crescent,WXC,3,22,440,230,56,1120,5,77.021,0,0,0,0,0,0,0,0,0,0,0,0,0,0,0,0,0,0,0,0,0,0,0,0,0,0,4,0,2,0,0,0,9,0,0,40,0,0,0,0,1,0,0,0,0,0,0,0,0,0,0,0,0,0,0,0,0,0,0,0,0,0,0,0,0,0,0,0,0,0
ID170,2016,37,6/9/2016,9-Jun,21,20,17.02,0.27,-0.6,-1.41,7.5,-2.1,-1.48,-1.84,Waxing Crescent,WXC,6,71,1420,1,170,3400,12,92.9076,0,0,0,0,0,0,0,0,0,0,5,0,0,0,0,0,0,0,0,0,93,0,0,2,0,0,6,0,0,0,0,0,7,0,6,28,1,0,0,5,15,0,0,0,0,0,0,0,0,0,0,0,0,0,0,0,1,0,0,0,0,0,0,0,0,0,1,0,0,0
ID171,2016,39,6/11/2016,11-Jun,22,39,19.3,1.15,2.28,2.55,8.66,1.27,1.15,-0.94,Waxing Crescent,WXC,8,54,1080,2,43,860,12,33.6838,0,0,0,0,0,1,0,1,0,0,3,0,0,0,0,0,0,0,0,0,13,1,0,1,0,0,2,0,0,0,0,0,5,0,2,11,0,0,0,1,2,0,0,0,0,0,0,0,0,0,0,0,0,0,0,0,0,0,0,0,0,0,0,0,0,0,0,0,0,0
ID172,2016,40,6/12/2016,12-Jun,23,49,19.14,-0.15,1,2.13,7.16,-1.5,-0.23,-0.35,First Quarter,FQ,9,66,1320,0,53,1060,13,35.0756,0,0,0,0,0,0,0,0,0,0,11,0,0,0,0,0,0,0,0,0,10,0,0,2,0,0,3,0,1,0,0,0,3,0,3,11,0,0,0,1,5,0,0,0,0,0,0,0,0,0,0,0,0,0,0,0,1,0,0,0,1,0,0,0,1,0,0,0,0,0
ID173,2016,41,6/13/2016,13-Jun,24,58,18.91,-0.23,-0.38,0.77,7.78,0.62,-0.88,0.39,Waxing Gibbous,WXG,10,36,720,0,37,740,12,17.5694,0,0,0,0,0,0,0,1,1,0,8,0,0,0,0,0,0,0,0,0,14,0,0,2,0,0,1,0,0,0,0,1,1,0,0,1,1,0,0,2,4,0,0,0,0,0,0,0,0,0,0,0,0,0,0,0,0,0,0,0,0,0,0,0,0,0,0,0,0,0
ID174,2016,42,6/14/2016,14-Jun,25,68,19.85,0.93,0.7,0.55,7.44,-0.34,0.28,-1.22,Waxing Gibbous,WXG,11,41,820,13,44,880,12,28.9074,0,0,0,0,0,0,0,1,0,0,6,0,0,0,0,0,0,0,0,0,15,0,0,4,0,0,1,0,1,0,0,1,1,0,0,4,0,0,0,3,6,0,0,0,0,0,0,0,0,0,0,0,0,0,0,0,0,0,0,0,1,0,0,0,0,0,0,0,0,0
ID175,2016,43,6/15/2016,15-Jun,26,76,19.24,-0.6,0.33,0.1,7.06,-0.38,-0.72,-0.1,Waxing Gibbous,WXG,12,18,360,27,67,1340,10,32.7878,0,0,0,0,0,0,0,5,0,0,19,0,0,0,0,0,0,0,0,0,14,1,0,6,0,0,2,0,0,0,0,0,6,0,0,1,0,0,0,0,9,0,0,0,0,0,0,0,0,0,0,0,0,0,0,0,0,0,0,0,0,0,0,0,4,0,0,0,0,0
ID176,2016,44,6/16/2016,16-Jun,27,84,18.96,-0.29,-0.89,0.04,8.66,1.6,1.22,0.88,Waxing Gibbous,WXG,13,13,260,39,45,900,13,27.6302,0,0,0,0,0,1,0,1,0,0,9,0,0,1,0,0,0,0,0,0,3,0,0,9,0,0,1,0,0,0,0,0,3,0,2,0,0,0,0,4,9,0,0,0,0,0,0,0,0,0,0,0,0,0,0,0,0,1,0,0,0,0,0,1,0,0,0,0,0,0
ID177,2016,45,6/17/2016,17-Jun,28,90,19.68,0.72,0.43,-0.17,10.16,1.5,3.1,2.72,Waxing Gibbous,WXG,14,25,500,17,52,1040,13,32.0842,0,0,0,0,0,4,0,1,0,0,4,0,0,0,0,0,0,0,0,0,13,1,0,1,0,0,2,0,0,0,0,1,2,0,6,7,0,0,0,2,8,0,0,0,0,0,0,0,0,0,0,0,0,0,0,0,0,0,0,0,0,0,0,0,0,0,0,0,0,0
ID178,2016,46,6/18/2016,18-Jun,29,95,20.17,0.5,1.21,0.93,9.46,-0.7,0.8,2.4,Waxing Gibbous,WXG,15,15,300,31,30,600,11,29.9268,0,0,0,0,0,2,0,0,1,0,2,0,0,0,0,0,0,0,0,0,3,0,0,2,0,0,3,0,1,0,0,0,5,0,0,1,0,0,0,5,5,0,0,0,0,0,0,0,0,0,0,0,0,0,0,0,0,0,0,0,0,0,0,0,0,0,0,0,0,0
ID179,2016,47,6/19/2016,19-Jun,30,98,21.69,1.52,2.02,2.74,8.35,-1.1,-1.81,-0.31,Waxing Gibbous,WXG,16,12,240,46,29,580,9,5.9616,0,0,0,0,1,1,0,0,0,0,10,0,0,0,0,0,0,0,0,0,1,0,0,2,0,0,0,0,0,0,0,0,0,0,1,1,0,0,0,0,10,0,0,0,0,0,0,0,0,0,0,0,0,0,0,0,0,0,0,0,0,0,0,0,2,0,0,0,0,0
ID18,2011,32,6/5/2011,5-Jun,18,12,19.12758333,0.436291667,0.804875,1.510541667,6.48,-1.38,-1.76,-1.81,Waxing Crescent,WXC,4,22,440,211,63,1260,7,85.0744,1,0,0,0,0,0,0,0,0,0,0,0,0,0,0,0,0,0,0,0,0,0,0,0,0,0,0,0,2,0,0,0,9,0,1,48,0,0,0,0,1,0,0,0,0,0,0,0,0,0,0,0,0,0,0,0,1,0,0,0,0,0,0,0,0,0,0,0,0,0
ID180,2016,48,6/20/2016,20-Jun,31,100,22.26,0.57,2.09,2.59,6.64,-1.71,-2.82,-3.52,Full Moon,FM,17,48,960,26,29,580,10,17.43,0,0,0,0,0,0,0,1,0,0,6,0,0,0,0,0,0,0,0,0,1,0,0,4,0,0,2,0,1,0,0,0,1,0,0,3,0,0,0,0,7,0,0,0,0,0,0,0,0,0,0,0,0,0,0,0,0,0,0,0,0,0,0,0,3,0,0,0,0,0
ID181,2016,49,6/21/2016,21-Jun,32,99,21.96,-0.31,0.26,1.79,6.87,0.23,-1.48,-2.59,Waning Gibbous,WAG,18,31,620,18,58,1160,14,30.5206,0,0,0,0,0,2,0,1,0,0,14,0,0,0,0,0,0,0,0,1,2,0,0,5,0,0,6,0,1,0,0,1,4,0,4,2,0,0,0,0,11,0,0,0,0,0,0,0,0,0,0,0,0,0,0,0,0,0,0,0,0,0,0,0,4,0,0,0,0,0
ID182,2016,50,6/22/2016,22-Jun,33,97,21.98,0.02,-0.28,0.29,7.3,0.43,0.66,-1.05,Waning Gibbous,WAG,19,11,220,9,64,1280,15,49.063,0,0,0,0,0,3,0,6,0,0,6,0,0,0,0,0,0,0,0,0,3,0,0,7,0,0,5,0,1,0,0,0,6,0,5,3,0,0,0,1,14,0,0,0,0,0,0,0,0,0,0,0,0,0,0,0,1,0,0,0,0,0,0,0,2,0,1,0,0,0
ID183,2016,51,6/23/2016,23-Jun,34,92,21.98,0,0.02,-0.29,7.32,0.02,0.45,0.69,Waning Gibbous,WAG,20,13,260,6,46,920,13,28.9648,0,0,0,0,0,3,0,1,1,0,5,0,0,0,0,0,0,0,0,0,0,0,0,5,0,0,3,0,0,0,0,0,6,0,4,4,0,0,0,0,8,0,0,0,0,0,0,0,0,0,0,0,0,0,0,0,1,0,0,0,1,0,0,0,4,0,0,0,0,0
ID184,2016,52,6/24/2016,24-Jun,35,85,21.94,-0.04,-0.04,-0.02,7.76,0.43,0.46,0.89,Waning Gibbous,WAG,21,10,200,1,56,1120,14,33.929,0,0,1,0,0,5,0,1,3,0,4,0,0,0,0,0,0,0,0,0,3,0,0,5,0,0,2,0,0,0,0,0,9,0,3,3,0,0,0,0,13,0,0,0,0,0,0,0,0,0,0,0,0,0,0,0,2,0,0,0,0,0,0,0,2,0,0,0,0,0
ID185,2016,53,6/25/2016,25-Jun,36,77,22.66,0.72,0.68,0.68,7.24,-0.52,-0.09,-0.07,Waning Gibbous,WAG,22,8,160,0,76,1520,14,51.3514,0,0,1,0,0,1,0,3,1,0,7,0,0,0,0,0,0,0,0,0,1,0,0,4,0,0,4,0,0,0,0,0,11,0,11,12,0,0,0,0,15,0,0,0,0,0,0,0,0,0,0,0,0,0,0,0,1,0,0,0,0,0,0,0,4,0,0,0,0,0
ID186,2016,54,6/26/2016,26-Jun,37,67,22.99,0.33,1.05,1.02,7.75,0.51,-0.01,0.42,Waning Gibbous,WAG,23,9,180,0,74,1480,15,47.292,0,0,0,0,0,1,0,3,0,0,9,0,0,0,0,0,0,0,0,0,2,0,1,5,0,0,2,0,0,0,0,0,12,0,4,9,0,0,0,0,19,1,0,0,0,0,0,0,0,0,0,0,0,0,0,0,2,0,0,0,0,0,0,0,3,0,0,1,0,0
ID187,2016,55,6/27/2016,27-Jun,38,56,22.26,-0.73,-0.4,0.32,6.7,-1.05,-0.54,-1.06,Last Quarter,LQ,24,11,220,0,82,1640,14,77.5864,0,0,0,0,0,2,0,4,0,0,6,0,0,0,0,0,0,0,0,0,0,0,0,8,0,0,3,0,5,0,0,0,18,0,3,11,0,0,0,0,17,1,0,0,0,0,0,0,0,0,0,0,0,0,0,0,1,0,0,0,0,0,0,0,2,0,0,1,0,0
ID188,2016,56,6/29/2016,29-Jun,39,34,21.56,-0.23,-0.7,-1.43,6.84,-0.02,0.14,-0.9,Waning Crescent,WNC,26,19,380,0,66,1320,17,38.3504,0,0,0,0,1,2,0,2,1,0,11,0,0,0,0,0,0,0,0,0,0,0,0,3,0,0,2,0,2,1,0,0,7,0,1,6,0,0,0,0,14,7,0,0,0,0,0,0,0,0,0,0,0,0,0,0,1,0,1,0,0,0,0,0,4,0,0,0,0,0
ID189,2016,58,7/1/2016,1-Jul,40,16,21.06,-0.42,-0.51,-0.74,6.42,-0.05,-0.42,-0.43,Waning Crescent,WNC,28,4,80,0,41,820,12,32.4324,0,0,0,0,0,4,0,3,1,0,3,0,0,0,0,0,0,0,0,0,1,0,0,4,0,0,2,0,0,0,0,0,8,0,1,4,0,0,0,0,8,2,0,0,0,0,0,0,0,0,0,0,0,0,0,0,0,0,0,0,0,0,0,0,0,0,0,0,0,0
ID19,2011,33,6/6/2011,6-Jun,19,2,20.46554167,1.337958333,1.77425,2.142833333,6.63,0.14,-1.24,-1.62,Waxing Crescent,WXC,5,43,860,400,37,740,6,51.5568,0,0,0,0,0,0,0,0,0,0,0,0,0,0,0,0,0,0,0,0,0,0,0,0,0,0,0,0,3,0,0,0,7,0,1,24,0,0,0,0,1,0,0,0,0,1,0,0,0,0,0,0,0,0,0,0,0,0,0,0,0,0,0,0,0,0,0,0,0,0
ID190,2017,18,5/15/2017,15-May,1,84,15,1.19,1.2,1.52,7.7228792,-0.3891473,-0.1181118,-0.0408104,Waning Gibbous,WAG,19,15,300,0,113,2260,15,204.9824,0,0,0,0,0,0,0,0,0,0,4,0,0,0,0,0,0,0,0,0,0,0,0,1,0,0,6,0,2,0,0,2,12,0,4,56,0,0,0,2,8,0,0,0,3,1,0,0,0,0,0,0,0,0,0,0,0,0,0,0,0,0,0,0,1,10,1,0,0,0
ID191,2017,20,5/17/2017,17-May,2,68,16.88,0.53,1.88,3.07,7.6475599,-0.0323404,-0.0753193,-0.4644666,Waning Gibbous,WAG,21,161,3220,28,102,2040,16,115.5468,0,0,0,0,0,1,0,0,0,0,2,0,0,0,0,0,0,0,0,0,0,0,0,1,0,0,6,0,3,0,0,0,28,0,1,38,0,0,0,3,12,0,0,0,0,0,0,0,0,0,0,0,0,0,0,0,1,1,1,0,1,1,0,0,2,0,0,0,0,0
ID192,2017,21,5/18/2017,18-May,3,58,17.38,0.5,1.02,2.38,7.6200216,-0.0275383,-0.0598788,-0.1028576,Last Quarter,LQ,22,649,12980,391,158,3160,15,243.3858,0,0,0,0,1,1,0,2,0,0,1,0,0,0,0,0,0,0,0,0,0,1,0,2,0,0,11,0,3,0,0,0,26,0,3,93,1,0,0,1,10,0,0,0,2,0,0,0,0,0,0,0,0,0,0,0,0,0,0,0,0,0,0,0,0,0,0,0,0,0
ID193,2017,22,5/19/2017,19-May,4,48,16.2,-1.17,-0.67,-0.15,8.216214,0.5961924,0.5686541,0.5363136,Waning Crescent,WNC,23,233,4660,1354,126,2520,12,144.8046,0,0,0,0,0,0,0,0,0,0,0,0,0,0,0,0,0,1,0,1,0,0,0,3,0,0,7,0,0,0,0,3,23,0,7,69,0,0,0,1,8,0,0,0,0,0,0,0,0,0,0,0,0,0,0,0,0,0,1,0,0,0,0,0,0,2,0,0,0,0
ID194,2017,23,5/20/2017,20-May,5,38,16.07,-0.13,-1.31,-0.81,7.5603405,-0.6558735,-0.0596811,-0.0872194,Waning Crescent,WNC,24,299,5980,4390,161,3220,12,211.7704,0,0,0,0,0,0,0,0,0,0,0,0,0,0,0,0,0,0,0,0,0,0,0,1,0,0,7,0,0,0,0,3,38,0,1,86,0,0,0,2,18,0,0,0,1,0,0,0,0,0,0,0,0,0,0,0,1,2,1,0,0,0,0,0,0,0,0,0,0,0
ID195,2017,24,5/21/2017,21-May,6,28,15.57,-0.5,-0.64,-1.81,7.9535098,0.3931693,-0.2627042,0.3334882,Waning Crescent,WNC,25,91,1820,5220,117,2340,12,166.2564,0,0,0,0,0,0,0,0,0,0,1,0,0,0,0,0,0,0,0,0,0,0,0,2,0,0,11,0,2,0,0,0,29,0,4,51,0,0,0,5,9,0,0,0,1,0,0,0,0,0,0,0,0,0,0,0,1,0,0,0,0,0,0,0,1,0,0,0,0,0
ID196,2017,25,5/22/2017,22-May,7,18,14.37,-1.2,-1.7,-1.83,8.0567479,0.1032381,0.4964074,-0.1594661,Waning Crescent,WNC,26,35,700,2473,55,1100,11,89.075,0,0,0,0,0,0,0,1,0,0,0,0,0,0,0,0,0,0,0,0,0,0,0,0,0,0,4,0,0,0,0,2,17,0,2,19,1,0,0,2,5,0,0,0,1,0,0,0,0,0,0,0,0,0,0,0,1,0,0,0,0,0,0,0,0,0,0,0,0,0
ID197,2017,26,5/23/2017,23-May,8,10,14.58,0.21,-0.99,-1.49,7.890855,-0.1658929,-0.0626548,0.3305145,Waning Crescent,WNC,27,24,480,1853,103,2060,8,118.5422,0,0,0,0,0,0,0,0,0,0,2,0,0,0,0,0,0,0,0,0,0,0,0,0,0,0,3,0,0,0,0,0,23,0,4,55,0,0,0,4,11,0,0,0,0,0,0,0,0,0,0,0,0,0,0,0,0,1,0,0,0,0,0,0,0,0,0,0,0,0
ID198,2017,27,5/24/2017,24-May,9,4,14.71,0.13,0.34,-0.86,7.989159,0.098304,-0.0675889,0.0356492,Waning Crescent,WNC,28,14,280,1219,128,2560,14,146.9134,0,0,0,0,1,6,0,2,0,0,1,0,0,0,0,0,0,0,0,0,0,1,0,1,0,0,12,0,0,0,0,1,48,0,2,36,0,0,0,4,11,0,0,0,0,0,0,0,0,0,0,0,0,0,0,0,0,0,0,0,0,0,0,0,0,0,2,0,0,0
ID199,2017,28,5/25/2017,25-May,10,1,14.4,-0.32,-0.18,0.02,8.8917185,0.9025595,1.0008635,0.8349706,New Moon,NM,1,4,80,494,141,2820,13,145.32,0,0,0,0,0,3,0,1,0,0,1,0,0,0,0,0,0,0,0,0,0,0,0,5,0,0,11,0,0,0,0,3,58,0,6,26,0,0,0,3,22,0,0,0,0,0,0,0,0,0,0,0,0,0,0,0,1,0,0,0,0,0,0,0,1,0,0,0,0,0
ID2,2011,16,5/20/2011,20-May,2,90,14.42829167,0.770666667,0.782541667,0.95625,12.31,-0.38,-1.35,-6.4,Waning Gibbous,WAG,16,0,0,0,0,0,0,0,0,0,0,0,0,0,0,0,0,0,0,0,0,0,0,0,0,0,0,0,0,0,0,0,0,0,0,0,0,0,0,0,0,0,0,0,0,0,0,0,0,0,0,0,0,0,0,0,0,0,0,0,0,0,0,0,0,0,0,0,0,0,0,0,0,0,0,0,0,0
ID20,2011,34,6/7/2011,7-Jun,20,29,21.87054167,1.405,2.742958333,3.17925,6.3,-0.33,-0.19,-1.57,Waxing Crescent,WXC,6,188,3760,598,69,1380,5,92.9726,0,0,0,0,0,0,0,0,0,0,0,0,0,0,0,0,0,0,0,0,0,0,0,0,0,0,0,0,1,0,0,0,7,0,1,59,0,0,0,0,1,0,0,0,0,0,0,0,0,0,0,0,0,0,0,0,0,0,0,0,0,0,0,0,0,0,0,0,0,0
ID200,2017,29,5/26/2017,26-May,11,0,14.89,0.49,0.18,0.31,9.524172,0.6324535,1.535013,1.633317,Waxing Crescent,WXC,2,5,100,217,114,2280,15,137.5456,0,0,0,0,1,2,0,1,0,0,0,0,0,1,0,0,0,0,0,0,0,0,0,2,0,0,10,0,3,0,1,2,47,0,1,29,0,0,0,3,10,0,0,0,0,0,0,0,0,0,0,0,0,0,0,0,0,0,0,0,0,0,0,0,0,0,0,1,0,0
ID201,2017,30,5/27/2017,27-May,12,3,16.22,1.33,1.83,1.51,8.3136561,-1.2105159,-0.5780624,0.3244971,Waxing Crescent,WXC,3,3,60,148,92,1840,13,95.309,0,0,0,0,0,1,0,0,0,0,1,0,0,0,0,0,0,0,0,0,0,0,0,2,0,0,4,0,0,0,0,3,14,0,10,39,0,1,0,4,11,0,0,0,0,0,0,0,0,0,0,0,0,0,0,0,1,0,0,0,0,0,0,0,1,0,0,0,0,0
ID202,2017,35,6/1/2017,1-Jun,13,47,15.36,-1.01,-1.41,-1.14,8.3046242,-0.6272954,-1.6347863,-7.9917551,First Quarter,FQ,8,4,80,88,80,1600,18,84.015,0,0,0,0,0,2,0,1,0,0,4,0,0,0,0,0,0,0,0,0,0,0,0,4,0,1,2,0,2,0,0,2,13,0,5,27,0,0,0,3,8,0,0,0,0,0,0,0,0,0,0,0,0,0,0,0,0,1,0,0,0,0,0,0,1,1,2,1,0,0
ID203,2017,36,6/2/2017,2-Jun,14,57,15.5,0.14,-0.87,-1.27,7.7446409,-0.5599834,-1.1872788,-2.1947697,Waxing Gibbous,WXG,9,8,160,84,64,1280,13,93.1142,0,0,0,0,0,0,0,0,0,0,0,0,0,0,0,0,0,0,0,0,0,0,0,1,0,0,5,0,2,0,0,3,14,0,8,11,0,0,0,5,9,0,0,0,1,0,0,0,0,0,0,0,0,0,0,0,2,2,0,0,0,0,0,0,0,1,0,0,0,0
ID204,2017,37,6/3/2017,3-Jun,15,67,17.05,1.55,1.69,0.68,7.3617729,-0.382868,-0.9428514,-1.5701468,Waxing Gibbous,WXG,10,26,520,156,59,1180,14,48.0188,0,0,0,0,0,2,0,0,0,0,1,0,0,0,0,0,0,0,0,1,0,0,1,1,0,0,8,0,0,0,0,2,8,0,7,12,0,0,0,2,12,0,0,0,0,0,0,0,0,0,0,0,0,0,0,0,0,0,0,0,0,0,0,0,1,0,1,0,0,0
ID205,2017,38,6/4/2017,4-Jun,16,76,17.26,0.22,1.76,1.9,10.0329911,2.6712182,2.2883502,1.7283668,Waxing Gibbous,WXG,11,35,700,84,41,820,9,37.1176,0,0,0,0,0,1,0,0,0,0,1,0,0,0,0,0,0,0,0,0,0,0,0,0,0,0,2,0,0,0,0,0,6,0,9,9,0,0,0,4,7,0,0,0,0,0,0,0,0,0,0,0,0,0,0,0,2,0,0,0,0,0,0,0,0,0,0,0,0,0
ID206,2017,39,6/5/2017,5-Jun,17,84,17.82,0.56,0.77,2.32,8.6598935,-1.3730976,1.2981206,0.9152526,Waxing Gibbous,WXG,12,19,380,108,48,960,15,51.8872,0,0,0,0,0,1,0,0,0,0,2,0,0,1,0,0,0,0,0,1,0,0,0,2,0,0,6,0,0,0,0,3,9,0,3,8,0,0,0,5,3,0,0,0,0,2,0,0,0,0,0,0,0,0,0,0,1,0,0,0,0,0,0,0,0,1,0,0,0,0
ID207,2017,40,6/6/2017,6-Jun,18,90,18.55,0.73,1.28,1.5,7.7964902,-0.8634033,-2.2365009,0.4347173,Waxing Gibbous,WXG,13,33,660,90,21,420,7,15.218,0,0,0,0,0,0,0,0,0,0,1,0,0,0,0,0,0,0,0,0,0,0,0,0,0,0,1,0,0,0,0,0,3,0,4,5,0,0,0,1,6,0,0,0,0,0,0,0,0,0,0,0,0,0,0,0,0,0,0,0,0,0,0,0,0,0,0,0,0,0
ID208,2017,41,6/7/2017,7-Jun,19,95,19.82,1.27,2,2.56,7.3007223,-0.4957678,-1.3591712,-2.7322687,Waxing Gibbous,WXG,14,51,1020,64,18,360,11,16.7158,0,0,0,0,0,1,0,0,0,0,1,0,0,0,0,0,0,0,0,0,0,0,0,2,0,0,1,0,0,0,0,1,2,0,4,1,0,0,0,3,1,0,0,0,0,0,0,0,0,0,0,0,0,0,0,0,0,0,0,0,1,0,0,0,0,0,0,0,0,0
ID209,2017,42,6/8/2017,8-Jun,20,98,20.32,0.5,1.77,2.5,7.0207272,-0.2799952,-0.775763,-1.6391663,Waxing Gibbous,WXG,15,288,5760,50,43,860,11,41.2554,0,0,0,0,0,1,0,0,0,0,7,0,0,0,0,0,0,0,0,0,2,0,0,0,0,0,0,0,0,0,0,3,6,0,2,11,0,0,0,5,4,0,0,0,0,0,0,0,0,0,0,0,0,0,0,0,0,0,0,0,1,0,0,0,0,0,1,0,0,0
ID21,2011,35,6/8/2011,8-Jun,21,4,21.549,-0.321541667,1.083458333,2.421416667,6.91,0.61,0.28,0.42,First Quarter,FQ,7,79,1580,191,7,140,6,11.2622,0,0,0,0,1,0,0,0,0,0,0,0,0,0,0,0,0,0,0,0,0,0,0,0,0,0,0,0,1,0,0,0,1,0,0,2,0,0,1,0,0,0,0,0,0,0,0,0,0,0,0,0,0,0,0,0,1,0,0,0,0,0,0,0,0,0,0,0,0,0
ID210,2017,43,6/9/2017,9-Jun,21,100,20.82,0.5,1,2.27,6.9380369,-0.0826903,-0.3626854,-0.8584533,Full Moon,FM,16,442,8840,32,40,800,9,27.3386,0,0,0,0,0,0,0,0,0,0,2,0,0,0,0,0,0,0,0,0,12,0,0,0,0,0,1,0,0,0,0,0,6,0,3,9,0,0,0,1,5,0,0,0,0,0,0,0,0,0,0,0,0,0,0,0,0,0,0,0,0,0,0,0,1,0,0,0,0,0
ID211,2017,44,6/10/2017,10-Jun,22,99,21.48,0.67,1.16,1.66,7.3732201,0.4351831,0.3524929,0.0724977,Waning Gibbous,WAG,17,942,18840,185,111,2220,13,48.495,0,0,0,0,0,0,0,0,0,0,2,0,0,1,0,0,0,0,0,0,75,0,0,1,0,0,2,0,0,0,0,1,10,0,6,6,0,0,0,1,4,0,0,0,0,0,0,1,0,0,0,0,0,0,1,0,0,0,0,0,0,0,0,0,0,0,0,0,0,0
ID212,2017,45,6/11/2017,11-Jun,23,97,21.64,0.16,0.82,1.32,6.7126512,-0.6605688,-0.2253857,-0.308076,Waning Gibbous,WAG,18,246,4920,152,156,3120,10,73.7752,0,0,0,0,0,2,0,0,0,0,2,0,0,0,0,0,0,0,0,0,102,0,0,0,0,0,3,0,0,0,0,0,12,0,3,19,0,0,0,0,11,0,0,0,0,0,0,0,0,0,0,0,0,0,0,0,1,0,0,0,0,0,0,0,1,0,0,0,0,0
ID213,2017,46,6/12/2017,12-Jun,24,94,21.94,0.3,0.46,1.13,6.7200111,0.0073599,-0.6532089,-0.2180258,Waning Gibbous,WAG,19,175,3500,52,44,880,10,32.6156,0,0,0,0,0,2,0,0,0,0,1,0,0,0,0,0,0,0,0,0,16,0,0,3,0,0,2,0,1,0,0,0,4,0,1,10,0,0,0,0,4,0,0,0,0,0,0,0,0,0,0,0,0,0,0,0,0,0,0,0,0,0,0,0,0,0,0,0,0,0
ID214,2017,47,6/13/2017,13-Jun,25,88,22.81,0.87,1.17,1.33,7.3246196,0.6046085,0.6119684,-0.0486004,Waning Gibbous,WAG,20,77,1540,42,70,1400,10,38.219,0,0,0,0,0,5,0,0,0,1,8,0,0,0,0,0,0,0,0,0,33,0,0,0,0,0,0,0,1,0,0,0,8,0,1,6,0,0,0,0,5,0,0,0,0,0,0,0,0,0,0,0,0,0,0,0,2,0,0,0,0,0,0,0,0,0,0,0,0,0
ID215,2017,48,6/14/2017,14-Jun,26,81,22.98,0.17,1.04,1.34,6.8698745,-0.4547451,0.1498634,0.1572233,Waning Gibbous,WAG,21,96,1920,27,75,1500,11,61.7964,0,0,0,0,0,3,0,0,0,0,3,0,0,0,0,0,0,0,0,0,26,0,0,0,0,0,1,0,0,0,0,0,12,0,1,19,0,0,0,3,4,0,0,0,0,0,0,0,0,0,0,0,0,0,0,0,2,0,0,0,1,0,0,0,0,0,0,0,0,0
ID216,2017,49,6/15/2017,15-Jun,27,73,22.81,-0.17,0,0.87,8.1872101,1.3173356,0.8625904,1.4671989,Waning Gibbous,WAG,22,149,2980,30,64,1280,9,54.9904,0,0,0,0,0,4,0,0,0,0,2,0,0,0,0,0,0,0,0,0,24,0,0,0,0,0,2,0,3,0,0,0,12,0,1,13,0,0,0,0,3,0,0,0,0,0,0,0,0,0,0,0,0,0,0,0,0,0,0,0,0,0,0,0,0,0,0,0,0,0
ID217,2017,50,6/16/2017,16-Jun,28,63,22.76,-0.06,-0.23,-0.05,7.4423439,-0.7448661,0.5724694,0.1177243,Waning Gibbous,WAG,23,16,320,85,38,760,9,26.9978,0,0,0,0,0,3,0,0,0,0,2,0,0,0,0,0,0,0,0,0,11,0,0,0,0,0,0,0,0,0,0,0,6,0,1,7,0,0,0,1,6,0,0,0,0,0,0,0,0,0,0,0,0,0,0,0,1,0,0,0,0,0,0,0,0,0,0,0,0,0
ID218,2017,51,6/17/2017,17-Jun,29,53,23.07,0.31,0.25,0.08,8.2621021,0.8197582,0.074892,1.3922276,Last Quarter,LQ,24,14,280,17,4,80,4,0.5902,0,0,0,0,0,0,0,0,0,0,1,0,0,0,0,0,0,0,0,0,1,0,0,0,0,0,0,0,0,0,0,0,0,0,1,0,0,0,0,0,1,0,0,0,0,0,0,0,0,0,0,0,0,0,0,0,0,0,0,0,0,0,0,0,0,0,0,0,0,0
ID219,2017,52,6/18/2017,18-Jun,30,42,22.87,-0.19,0.12,0.06,10.9176246,2.6555225,3.4752807,2.7304145,Waning Crescent,WNC,25,7,140,2,8,160,3,0.9902,0,0,0,0,0,0,0,0,0,0,5,0,0,0,0,0,0,0,0,0,2,0,0,0,0,0,0,0,0,0,0,0,0,0,0,0,0,0,0,0,1,0,0,0,0,0,0,0,0,0,0,0,0,0,0,0,0,0,0,0,0,0,0,0,0,0,0,0,0,0
ID22,2011,36,6/9/2011,9-Jun,22,51,20.10275,-1.44625,-1.767791667,-0.362791667,11.61,4.71,5.32,4.99,Waxing Gibbous,WXG,8,0,0,4,0,0,0,0,0,0,0,0,0,0,0,0,0,0,0,0,0,0,0,0,0,0,0,0,0,0,0,0,0,0,0,0,0,0,0,0,0,0,0,0,0,0,0,0,0,0,0,0,0,0,0,0,0,0,0,0,0,0,0,0,0,0,0,0,0,0,0,0,0,0,0,0,0,0
ID220,2017,59,6/25/2017,25-Jun,31,2,19.98,0.11,0.41,-0.21,8.3653878,-0.0971719,-2.6638801,-1.3082395,Waxing Crescent,WXC,4,8,160,0,37,740,11,29.782,0,0,0,0,0,2,0,0,1,0,4,0,0,0,0,0,0,0,0,0,4,0,0,1,0,0,2,0,0,0,0,0,15,0,0,1,0,0,0,0,4,0,0,0,0,0,0,0,0,0,0,0,0,0,0,0,2,0,0,0,0,0,0,0,1,0,0,0,0,0
ID221,2018,15,5/24/2018,24-May,1,72,17.40695833,1.183083333,1.429833333,1.84325,8.491429605,-0.191351534,-0.552818617,-0.63645937,Waxing Gibbous,WXG,11,436,8720,3469,52,1040,5,66.2708,0,0,0,0,0,1,0,0,0,0,0,0,0,0,0,0,0,0,0,0,0,0,0,0,0,0,0,0,0,0,0,0,11,0,1,37,0,0,0,0,0,0,0,0,0,0,0,0,0,0,0,0,0,0,0,0,0,2,0,0,0,0,0,0,0,0,0,0,0,0
ID222,2018,16,5/25/2018,25-May,3,81,19.11941667,1.712458333,2.895541667,3.142291667,7.783268453,-0.708161152,-0.899512686,-1.260979768,Waxing Gibbous,WXG,12,270,5400,16897,19,380,6,21.1252,0,0,0,0,0,1,0,0,0,0,0,0,0,0,0,0,0,1,0,0,0,0,0,0,0,0,0,0,0,0,0,0,5,0,3,8,0,0,0,1,0,0,0,0,0,0,0,0,0,0,0,0,0,0,0,0,0,0,0,0,0,0,0,0,0,0,0,0,0,0
ID223,2018,17,5/26/2018,26-May,4,88,21.03395833,1.914541667,3.627,4.810083333,7.377331195,-0.405937259,-1.11409841,-1.305449945,Waxing Gibbous,WXG,13,279,5580,13345,29,580,12,53.492,0,0,0,0,0,1,0,0,0,0,1,1,0,0,0,0,0,0,0,0,0,0,0,0,0,2,0,0,0,0,0,0,6,0,2,11,0,0,0,0,0,0,0,0,1,0,0,0,0,0,0,0,0,0,0,0,1,1,0,0,0,0,1,0,0,0,0,1,0,0
ID224,2018,18,5/27/2018,27-May,5,94,21.82404167,0.790083333,2.704625,4.417083333,7.534462504,0.157131309,-0.248805949,-0.956967101,Waxing Gibbous,WXG,14,64,1280,5722,52,1040,10,57.1718,0,3,0,0,0,3,0,2,0,0,1,0,0,0,0,0,0,0,0,0,0,0,0,0,0,1,0,0,0,0,0,0,9,0,5,25,0,0,0,0,1,0,2,0,0,0,0,0,0,0,0,0,0,0,0,0,0,0,0,0,0,0,0,0,0,0,0,0,0,0
ID225,2018,19,5/28/2018,28-May,6,98,22.41816667,0.594125,1.384208333,3.29875,8.121510005,0.587047501,0.74417881,0.338241551,Waxing Gibbous,WXG,15,75,1500,2771,70,1400,10,87.0048,0,0,1,0,0,0,0,0,0,0,0,0,0,0,0,0,0,0,0,0,0,0,0,0,0,1,0,0,1,0,0,0,23,0,4,36,0,0,0,1,0,0,1,0,0,0,0,0,1,0,0,0,0,0,0,0,0,0,0,0,0,0,0,0,0,0,0,0,1,0
ID226,2018,20,5/29/2018,29-May,7,99,23.16766667,0.7495,1.343625,2.133708333,7.549062655,-0.57244735,0.014600151,0.171731461,Full Moon,FM,16,9,180,1484,36,720,10,35.0224,0,2,2,1,0,0,0,0,0,0,2,0,0,1,0,0,0,0,0,0,0,0,0,0,0,1,0,0,0,0,0,0,10,0,1,14,0,0,0,0,0,0,0,0,0,0,0,0,0,0,0,0,0,0,0,0,0,0,0,0,0,0,2,0,0,0,0,0,0,0
ID227,2018,21,5/30/2018,30-May,8,96,23.34675,0.179083333,0.928583333,1.522708333,6.885157121,-0.663905535,-1.236352884,-0.649305384,Waning Gibbous,WAG,17,26,520,916,67,1340,13,75.6404,0,1,1,0,0,1,0,0,0,0,1,0,0,2,0,0,0,0,1,0,0,0,0,1,0,0,0,0,0,0,0,0,28,0,4,24,0,0,0,0,1,0,0,0,0,0,0,0,0,0,0,0,0,0,0,0,1,0,1,0,0,0,0,0,0,0,0,0,0,0
ID228,2018,22,5/31/2018,31-May,9,79,22.76066667,-0.586083333,-0.407,0.3425,7.493195103,0.608037983,-0.055867552,-0.628314901,Waning Gibbous,WAG,18,29,580,554,72,1440,10,97.7996,0,0,0,0,0,1,0,2,0,1,0,0,0,0,0,0,0,0,0,0,0,0,0,0,0,1,0,0,2,0,0,0,15,0,2,46,0,0,0,1,0,0,0,0,0,0,0,0,0,0,0,0,0,0,0,0,0,1,0,0,0,0,0,0,0,0,0,0,0,0
ID229,2018,23,6/1/2018,1-Jun,10,94,21.39395833,-1.366708333,-1.952791667,-1.773708333,8.022067404,0.5288723,1.136910283,0.473004748,Waning Gibbous,WAG,19,18,360,198,121,2420,9,151.8172,0,0,0,0,0,1,0,1,0,0,0,0,0,0,0,0,0,0,1,0,0,0,0,0,0,1,1,0,0,0,0,0,32,0,7,76,0,0,0,0,0,0,0,0,0,0,0,0,0,0,0,0,0,0,0,0,0,1,0,0,0,0,0,0,0,0,0,0,0,0
ID23,2011,37,6/10/2011,10-Jun,23,63,18.90525,-1.1975,-2.64375,-2.965291667,11.19,-0.42,4.29,4.9,Waxing Gibbous,WXG,9,0,0,0,0,0,0,0,0,0,0,0,0,0,0,0,0,0,0,0,0,0,0,0,0,0,0,0,0,0,0,0,0,0,0,0,0,0,0,0,0,0,0,0,0,0,0,0,0,0,0,0,0,0,0,0,0,0,0,0,0,0,0,0,0,0,0,0,0,0,0,0,0,0,0,0,0,0
ID230,2018,26,6/4/2018,4-Jun,11,74,17.56566667,-1.462541667,-2.938458333,-3.828291667,7.912635735,-0.8116391,-0.549481655,-0.109431669,Waning Gibbous,WAG,20,326,6520,11,101,2020,7,125.5238,0,0,0,0,0,0,0,0,0,0,1,0,0,0,0,0,0,0,0,0,0,0,0,0,0,0,0,0,2,0,0,0,9,0,11,76,0,0,0,0,1,0,0,0,0,0,0,0,0,0,0,0,0,0,0,0,1,0,0,0,0,0,0,0,0,0,0,0,0,0
ID231,2018,27,6/5/2018,5-Jun,12,65,16.80816667,-0.7575,-2.220041667,-3.695958333,7.714945543,-0.197690192,-1.009329292,-0.747171847,Waning Gibbous,WAG,21,202,4040,7,78,1560,8,126.015,0,0,0,0,0,0,0,0,0,0,0,0,0,0,0,0,0,0,0,0,0,0,0,0,0,2,0,0,1,0,0,0,4,0,4,63,0,0,0,0,0,0,0,0,1,0,0,0,0,0,0,0,0,0,0,0,2,0,0,0,0,0,0,0,0,0,1,0,0,0
ID232,2018,28,6/6/2018,6-Jun,13,56,16.56533333,-0.242833333,-1.000333333,-2.462875,7.541452729,-0.173492814,-0.371183006,-1.182822106,Last Quarter,LQ,22,290,5800,4,66,1320,8,131.0142,0,0,0,0,0,0,0,1,0,0,0,1,0,1,0,0,0,0,0,0,0,0,0,0,0,0,0,0,0,0,0,0,8,0,3,48,0,0,0,0,2,0,0,0,2,0,0,0,0,0,0,0,0,0,0,0,0,0,0,0,0,0,0,0,0,0,0,0,0,0
ID233,2018,29,6/7/2018,7-Jun,14,46,17.02604167,0.460708333,0.217875,-0.539625,7.244814714,-0.296638015,-0.470130829,-0.667821021,Waning Crescent,WNC,23,118,2360,3,39,780,4,49.7466,0,0,0,0,0,0,0,0,0,0,0,0,0,0,0,0,0,0,0,0,0,0,0,0,0,2,0,0,0,0,0,0,8,0,2,27,0,0,0,0,0,0,0,0,0,0,0,0,0,0,0,0,0,0,0,0,0,0,0,0,0,0,0,0,0,0,0,0,0,0
ID234,2018,30,6/8/2018,8-Jun,15,36,18.10466667,1.078625,1.539333333,1.2965,7.126981911,-0.117832803,-0.414470818,-0.587963632,Waning Crescent,WNC,24,91,1820,0,53,1060,9,64.8782,0,0,0,0,0,1,0,0,0,0,0,1,0,0,0,0,0,0,0,0,1,0,0,0,0,1,0,0,0,0,0,0,7,0,3,35,0,0,0,0,0,0,0,0,0,0,0,0,0,0,0,0,0,0,0,0,2,0,0,1,1,0,0,0,0,0,0,0,0,0
ID235,2018,31,6/9/2018,9-Jun,16,26,19.18754167,1.082875,2.1615,2.622208333,6.949503667,-0.177478244,-0.295311047,-0.591949062,Waning Crescent,WNC,25,22,440,1,51,1020,7,60.8176,0,0,0,0,0,0,0,1,0,0,0,0,0,0,0,0,0,0,0,0,7,0,0,1,0,0,0,0,1,0,0,0,8,0,2,30,0,0,0,0,0,0,0,0,0,0,0,0,0,0,0,0,0,0,0,0,1,0,0,0,0,0,0,0,0,0,0,0,0,0
ID236,2018,32,6/10/2018,10-Jun,17,17,19.34604167,0.1585,1.241375,2.32,6.741454293,-0.208049374,-0.385527618,-0.503360421,Waning Crescent,WNC,26,61,1220,0,83,1660,7,66.6514,0,0,0,0,0,0,0,0,0,0,1,0,0,0,0,0,0,0,0,0,34,0,0,0,0,0,0,0,0,0,0,0,2,0,6,33,0,0,0,3,2,0,0,0,0,0,0,0,0,0,0,0,0,0,0,0,2,0,0,0,0,0,0,0,0,0,0,0,0,0
ID237,2018,33,6/11/2018,11-Jun,18,10,19.61654167,0.2705,0.429,1.511875,6.247727194,-0.493727099,-0.701776473,-0.879254717,Waning Crescent,WNC,27,164,3280,0,35,700,5,23.6162,0,0,0,0,0,0,0,0,0,0,0,0,0,0,0,0,0,0,0,0,20,0,0,0,0,1,0,0,0,0,0,0,3,0,1,9,0,0,0,0,0,0,0,0,0,0,0,0,0,0,0,0,0,0,0,0,1,0,0,0,0,0,0,0,0,0,0,0,0,0
ID238,2018,34,6/12/2018,12-Jun,19,4,20.03325,0.416708333,0.687208333,0.845708333,6.332694717,0.084967523,-0.408759576,-0.61680895,Waning Crescent,WNC,28,125,2500,0,108,2160,8,90.0674,0,0,0,0,0,0,0,0,0,0,1,0,0,0,0,0,1,0,0,0,64,0,0,0,0,0,0,0,2,0,0,0,12,0,7,19,0,0,0,0,1,0,0,0,1,0,0,0,0,0,0,0,0,0,0,0,0,0,0,0,0,0,0,0,0,0,0,0,0,0
ID239,2018,35,6/13/2018,13-Jun,20,1,19.86095833,-0.172291667,0.244416667,0.514916667,6.231656199,-0.101038518,-0.016070995,-0.509798094,New Moon,NM,0,63,1260,47,83,1660,11,69.4046,0,0,1,0,0,1,0,0,0,0,2,0,0,0,0,0,0,1,0,0,58,0,0,0,0,0,0,0,3,0,0,2,2,0,1,10,0,0,0,0,0,0,0,0,1,0,0,0,0,0,0,0,0,0,0,0,0,0,0,0,0,0,0,0,0,0,0,1,0,0
ID24,2011,38,6/11/2011,11-Jun,24,74,17.01820833,-1.887041667,-3.084541667,-4.530791667,12.14,0.94,0.52,5.23,Waxing Gibbous,WXG,10,0,0,0,0,0,0,0,0,0,0,0,0,0,0,0,0,0,0,0,0,0,0,0,0,0,0,0,0,0,0,0,0,0,0,0,0,0,0,0,0,0,0,0,0,0,0,0,0,0,0,0,0,0,0,0,0,0,0,0,0,0,0,0,0,0,0,0,0,0,0,0,0,0,0,0,0,0
ID240,2018,36,6/14/2018,14-Jun,21,0,20.27083333,0.409875,0.237583333,0.654291667,6.417315133,0.185658934,0.084620416,0.169587939,Waxing Crescent,WXC,1,23,460,212,61,1220,6,30.9642,0,0,0,0,0,0,0,0,0,0,1,0,0,0,0,0,0,0,0,0,42,0,0,0,0,0,0,0,0,0,0,0,4,0,1,11,0,0,0,0,0,0,0,0,0,0,0,0,0,0,0,0,0,0,0,0,0,1,0,0,1,0,0,0,0,0,0,0,0,0
ID241,2018,37,6/15/2018,15-Jun,22,3,20.88258333,0.61175,1.021625,0.849333333,5.971578616,-0.445736517,-0.260077583,-0.361116101,Waxing Crescent,WXC,2,18,360,571,51,1020,7,44.5424,0,0,0,0,0,0,0,0,0,0,1,0,0,0,0,0,0,0,0,0,21,0,0,0,0,0,1,0,1,0,0,0,7,0,1,18,0,0,0,0,0,0,0,0,0,0,0,0,0,0,0,0,0,0,0,0,1,0,0,0,0,0,0,0,0,0,0,0,0,0
ID242,2018,38,6/16/2018,16-Jun,23,8,21.34220833,0.459625,1.071375,1.48125,6.29392387,0.322345254,-0.123391263,0.062267671,Waxing Crescent,WXC,3,20,400,410,28,560,10,17.202,0,0,1,0,0,1,0,0,0,0,1,0,0,0,0,0,0,1,0,0,14,0,0,0,0,1,0,0,1,0,0,0,3,0,2,2,0,0,0,0,0,0,0,0,0,0,0,0,0,0,0,0,0,0,0,0,1,0,0,0,0,0,0,0,0,0,0,0,0,0
ID243,2018,39,6/17/2018,17-Jun,24,16,21.88175,0.539541667,0.999166667,1.610916667,5.988900604,-0.305023265,0.017321989,-0.428414528,Waxing Crescent,WXC,4,4,80,221,26,520,9,12.4676,0,0,0,0,0,2,0,0,0,0,1,0,0,0,0,0,0,0,0,0,12,0,0,0,0,1,0,0,0,0,0,0,1,0,3,3,0,0,0,0,1,0,0,0,0,0,0,0,0,0,0,0,0,0,0,0,0,0,1,0,1,0,0,0,0,0,0,0,0,0
ID244,2018,40,6/18/2018,18-Jun,25,26,21.57279167,-0.308958333,0.230583333,0.690208333,6.130504891,0.141604287,-0.163418979,0.158926276,Waxing Crescent,WXC,5,32,640,67,13,260,4,6.9848,0,0,0,0,0,1,0,0,0,0,0,0,0,0,0,0,0,0,0,0,7,0,0,0,0,0,0,0,0,0,0,0,2,0,2,0,0,0,0,0,0,0,0,0,0,0,0,0,0,0,0,0,0,0,0,0,1,0,0,0,0,0,0,0,0,0,0,0,0,0
ID245,2018,41,6/19/2018,19-Jun,26,36,21.94508333,0.372291667,0.063333333,0.602875,6.720352299,0.589847408,0.731451695,0.42642843,Waxing Crescent,WXC,6,10,200,16,10,200,5,9.1304,0,0,0,0,0,1,0,0,0,0,1,0,0,0,0,0,0,0,0,0,4,0,0,0,0,0,0,0,1,0,0,0,2,0,0,0,0,0,0,0,0,0,0,0,0,0,0,0,0,0,0,0,0,0,0,0,1,0,0,0,0,0,0,0,0,0,0,0,0,0
ID246,2018,42,6/20/2018,20-Jun,27,47,21.81754167,-0.127541667,0.24475,-0.064208333,6.576442435,-0.143909864,0.445937544,0.587541831,First Quarter,FQ,7,8,160,5,10,200,6,8.8384,0,0,0,0,0,1,0,0,0,0,0,0,0,0,0,0,0,0,0,0,1,0,0,0,0,2,0,0,0,0,0,0,2,0,2,0,0,0,0,1,0,0,0,0,0,0,0,0,0,0,0,0,0,0,0,0,0,0,1,0,0,0,0,0,0,0,0,0,0,0
ID247,2018,43,6/21/2018,21-Jun,28,58,22.057,0.239458333,0.111916667,0.484208333,6.442140215,-0.134302221,-0.278212085,0.311635323,Waxing Gibbous,WXG,8,13,260,1,11,220,4,8.5422,0,0,0,0,0,0,0,0,0,0,0,0,0,0,0,0,0,0,0,0,6,0,0,0,0,0,0,0,0,1,0,0,1,0,0,0,0,0,0,2,0,0,0,0,0,0,0,0,0,0,0,0,0,0,0,0,1,0,0,0,0,0,0,0,0,0,0,0,0,0
ID248,2018,44,6/22/2018,22-Jun,29,68,21.44329167,-0.613708333,-0.37425,-0.501791667,5.59993141,-0.842208805,-0.976511026,-1.12042089,Waxing Gibbous,WXG,9,28,560,0,3,60,2,1.4014,0,0,0,0,0,0,0,0,0,0,0,0,0,0,0,0,0,0,0,0,1,0,0,0,0,1,0,0,0,0,0,0,0,0,0,0,0,0,0,0,1,0,0,0,0,0,0,0,0,0,0,0,0,0,0,0,0,0,0,0,0,0,0,0,0,0,0,0,0,0
ID249,2018,45,6/23/2018,23-Jun,30,78,20.38854167,-1.05475,-1.668458333,-1.429,5.749609526,0.149678117,-0.692530689,-0.826832909,Waxing Gibbous,WXG,10,0,0,0,3,60,2,4.3872,0,0,0,0,0,1,0,0,0,0,0,0,0,0,0,0,0,0,0,0,1,0,0,0,0,0,0,0,1,0,0,0,0,0,0,0,0,0,0,0,0,0,0,0,0,0,0,0,0,0,0,0,0,0,0,0,0,0,0,0,0,0,0,0,0,0,0,0,0,0
ID25,2011,39,6/12/2011,12-Jun,25,83,15.91454167,-1.103666667,-2.990708333,-4.188208333,12.44,0.3,1.24,0.82,Waxing Gibbous,WXG,11,107,2140,0,36,720,6,19.209,0,0,2,0,0,0,0,0,0,0,0,0,0,0,0,0,0,0,0,0,23,0,0,0,0,0,1,0,0,0,0,0,2,0,1,7,0,0,0,0,0,0,0,0,0,0,0,0,0,0,0,0,0,0,0,0,0,0,0,0,0,0,0,0,0,0,0,0,0,0
ID250,2018,46,6/24/2018,24-Jun,31,85,20.269625,-0.118916667,-1.173666667,-1.787375,6.728509006,0.97889948,1.128577597,0.286368792,Waxing Gibbous,WXG,11,0,0,0,2,40,2,2.2312,0,0,0,0,0,0,0,0,0,0,0,0,0,0,0,0,0,0,0,0,0,0,0,0,0,0,0,0,0,0,0,0,1,0,0,0,0,0,0,0,0,0,1,0,0,0,0,0,0,0,0,0,0,0,0,0,0,0,0,0,0,0,0,0,0,0,0,0,0,0
ID26,2011,40,6/13/2011,13-Jun,26,91,16.613625,0.699083333,-0.404583333,-2.291625,13.29,0.85,1.15,2.09,Waxing Gibbous,WXG,12,66,1320,71,94,1880,6,38.5922,0,0,0,0,0,0,0,0,0,1,1,0,0,0,0,0,0,0,0,0,76,0,0,0,0,0,0,0,0,0,0,0,5,0,0,10,0,0,0,0,0,0,0,0,0,0,0,0,0,0,0,0,0,0,0,0,0,1,0,0,0,0,0,0,0,0,0,0,0,0
ID27,2011,41,6/14/2011,14-Jun,27,97,18.26729167,1.653666667,2.35275,1.249083333,11.01,-2.27,-1.42,-1.12,Waxing Gibbous,WXG,13,144,2880,100,71,1420,2,22.6294,0,0,0,0,0,0,0,0,0,0,0,0,0,0,0,0,0,0,0,0,66,0,0,0,0,0,0,0,0,0,0,0,0,0,0,5,0,0,0,0,0,0,0,0,0,0,0,0,0,0,0,0,0,0,0,0,0,0,0,0,0,0,0,0,0,0,0,0,0,0
ID28,2011,42,6/15/2011,15-Jun,28,99,19.33,1.062708333,2.716375,3.415458333,8.17,-2.85,-5.12,-4.27,Full Moon,FM,14,136,2720,82,43,860,6,19.4372,0,0,0,0,0,0,0,0,0,0,0,0,0,0,0,0,0,0,0,0,32,0,0,1,0,0,0,0,0,0,0,0,4,0,1,4,0,0,0,0,0,0,0,0,0,0,0,0,0,0,0,0,0,0,0,0,0,1,0,0,0,0,0,0,0,0,0,0,0,0
ID29,2011,43,6/16/2011,16-Jun,29,100,19.43670833,0.106708333,1.169416667,2.823083333,7.43,-0.73,-3.58,-5.85,Waning Gibbous,WAG,15,99,1980,65,38,760,5,16.1864,0,0,0,0,0,0,0,0,0,0,0,0,0,0,0,0,0,0,0,0,32,0,0,0,0,0,0,0,1,0,0,0,2,0,0,2,0,0,0,0,1,0,0,0,0,0,0,0,0,0,0,0,0,0,0,0,0,0,0,0,0,0,0,0,0,0,0,0,0,0
ID3,2011,17,5/21/2011,21-May,3,83,16.27879167,1.8505,2.621166667,2.633041667,9.96,-2.35,-2.73,-3.7,Waning Gibbous,WAG,17,7,140,0,261,5220,6,336.3224,0,0,1,0,0,0,0,0,0,0,0,0,0,0,0,0,0,0,0,0,0,0,0,0,0,0,7,0,0,0,0,0,130,0,2,118,0,0,0,0,0,0,0,0,0,0,0,0,0,0,0,0,0,0,0,0,0,3,0,0,0,0,0,0,0,0,0,0,0,0
ID30,2011,44,6/17/2011,17-Jun,30,98,19.941125,0.504416667,0.611125,1.673833333,6.41,-1.02,-1.76,-4.6,Waning Gibbous,WAG,16,128,2560,17,92,1840,3,78.7608,0,0,0,0,0,0,0,0,0,0,0,0,0,0,0,0,0,0,0,0,41,0,0,0,0,0,0,0,0,0,0,0,8,0,0,43,0,0,0,0,0,0,0,0,0,0,0,0,0,0,0,0,0,0,0,0,0,0,0,0,0,0,0,0,0,0,0,0,0,0
ID31,2011,45,6/18/2011,18-Jun,31,93,20.73970833,0.798583333,1.303,1.409708333,6.26,-0.15,-1.18,-1.91,Waning Gibbous,WAG,17,66,1320,6,71,1420,5,64.8564,0,0,0,0,0,0,0,0,0,0,0,0,0,0,0,0,0,0,0,0,26,0,0,0,0,0,0,0,0,0,0,0,4,0,1,39,0,0,0,0,1,0,0,0,0,0,0,0,0,0,0,0,0,0,0,0,0,0,0,0,0,0,0,0,0,0,0,0,0,0
ID32,2011,46,6/19/2011,19-Jun,32,87,21.17183333,0.432125,1.230708333,1.735125,6.65,0.39,0.24,-0.79,Waning Gibbous,WAG,18,28,560,3,64,1280,3,70.8424,0,0,0,0,0,0,0,0,0,0,0,0,0,0,0,0,0,0,0,0,14,0,0,0,0,0,0,0,0,0,0,0,9,0,0,41,0,0,0,0,0,0,0,0,0,0,0,0,0,0,0,0,0,0,0,0,0,0,0,0,0,0,0,0,0,0,0,0,0,0
ID33,2011,47,6/20/2011,20-Jun,33,80,20.36470833,-0.807125,-0.375,0.423583333,6.31,-0.34,0.05,-0.1,Waning Gibbous,WAG,19,30,600,0,47,940,7,43.2802,0,0,0,0,0,0,0,0,0,0,2,0,0,0,0,0,0,0,0,0,18,0,0,0,0,0,1,0,2,0,0,0,2,0,0,21,0,0,0,0,1,0,0,0,0,0,0,0,0,0,0,0,0,0,0,0,0,0,0,0,0,0,0,0,0,0,0,0,0,0
ID34,2011,48,6/21/2011,21-Jun,34,71,19.78154167,-0.583166667,-1.390291667,-0.958166667,7.76,1.45,1.11,1.5,Waning Gibbous,WAG,20,0,0,0,0,0,0,0,0,0,0,0,0,0,0,0,0,0,0,0,0,0,0,0,0,0,0,0,0,0,0,0,0,0,0,0,0,0,0,0,0,0,0,0,0,0,0,0,0,0,0,0,0,0,0,0,0,0,0,0,0,0,0,0,0,0,0,0,0,0,0,0,0,0,0,0,0,0
ID35,2011,49,6/22/2011,22-Jun,35,62,17.58158333,-2.199958333,-2.783125,-3.59025,30.1,22.34,23.79,23.45,Waning Gibbous,WAG,21,0,0,0,0,0,0,0,0,0,0,0,0,0,0,0,0,0,0,0,0,0,0,0,0,0,0,0,0,0,0,0,0,0,0,0,0,0,0,0,0,0,0,0,0,0,0,0,0,0,0,0,0,0,0,0,0,0,0,0,0,0,0,0,0,0,0,0,0,0,0,0,0,0,0,0,0,0
ID36,2012,23,5/9/2012,9-May,1,87,13.19,-0.4,-0.48,-0.69,11.19,1.66,-0.99,-1.27,Waning Gibbous,WAG,18,152,3040,0,71,1420,6,95.8262,0,0,0,0,0,0,0,0,0,0,0,0,0,0,0,0,0,0,0,0,0,0,0,0,0,0,2,0,2,0,0,0,23,0,1,42,0,0,0,0,0,0,0,0,0,0,0,0,0,0,0,0,0,0,0,0,0,1,0,0,0,0,0,0,0,0,0,0,0,0
ID37,2012,25,5/11/2012,11-May,2,68,14.24,1.07,1.06,0.66,10,0.14,-1.19,0.46,Waning Gibbous,WAG,20,423,8460,3,136,2720,10,168.9724,0,0,0,0,1,0,0,0,0,0,1,0,0,0,0,0,0,0,0,3,0,0,0,2,0,0,10,0,2,0,0,0,49,0,3,63,0,0,0,0,0,0,0,0,0,0,0,0,0,0,0,0,0,0,0,0,0,2,0,0,0,0,0,0,0,0,0,0,0,0
ID38,2012,26,5/12/2012,12-May,3,57,14.72,0.48,1.55,1.54,8.16,-1.84,-1.7,-3.03,Last Quarter,LQ,21,401,8020,1,82,1640,7,100.7556,0,0,0,0,0,0,0,0,0,0,0,0,0,0,0,0,0,0,0,1,0,0,0,0,0,0,0,0,0,0,0,0,31,0,3,42,0,0,0,0,1,0,3,0,0,0,0,0,0,0,0,0,0,0,0,0,0,1,0,0,0,0,0,0,0,0,0,0,0,0
ID39,2012,27,5/13/2012,13-May,4,47,15.28,0.55,1.03,2.11,7.54,-0.62,-2.46,-2.32,Waning Crescent,WNC,22,140,2800,0,71,1420,4,93.3006,0,0,1,0,0,0,0,0,0,0,0,0,0,0,0,0,0,0,0,0,0,0,0,0,0,0,0,0,0,0,0,0,15,0,0,54,0,0,0,0,0,0,0,0,0,0,0,0,0,0,0,0,0,0,0,0,0,1,0,0,0,0,0,0,0,0,0,0,0,0
ID4,2011,18,5/22/2011,22-May,4,75,17.42270833,1.143916667,2.994416667,3.765083333,10.98,1.02,-1.33,-1.71,Waning Gibbous,WAG,18,43,860,75,0,0,0,0,0,0,0,0,0,0,0,0,0,0,0,0,0,0,0,0,0,0,0,0,0,0,0,0,0,0,0,0,0,0,0,0,0,0,0,0,0,0,0,0,0,0,0,0,0,0,0,0,0,0,0,0,0,0,0,0,0,0,0,0,0,0,0,0,0,0,0,0,0,0
ID40,2012,28,5/14/2012,14-May,5,37,16.22,0.94,1.49,1.97,6.37,-1.17,-1.79,-3.63,Waning Crescent,WNC,23,431,8620,0,121,2420,5,160.8866,0,0,0,0,0,0,0,0,0,0,0,0,0,0,0,0,0,0,0,0,0,0,0,0,0,0,0,0,0,0,0,0,14,0,1,103,0,0,0,0,0,0,2,0,0,0,0,0,0,0,0,0,0,0,0,0,0,0,1,0,0,0,0,0,0,0,0,0,0,0
ID41,2012,29,5/15/2012,15-May,6,28,16.99,0.77,1.71,2.27,5.96,-0.41,-1.58,-2.2,Waning Crescent,WNC,24,532,10640,7,120,2400,9,157.945,0,0,0,0,0,0,0,3,0,0,0,0,0,0,0,0,0,0,0,0,0,0,0,2,0,0,6,0,0,0,0,1,14,0,5,83,0,0,0,0,0,0,0,0,0,0,0,0,0,0,0,0,0,0,0,0,0,2,0,4,0,0,0,0,0,0,0,0,0,0
ID42,2012,30,5/16/2012,16-May,7,19,15.51,-1.48,-0.71,0.23,5.92,-0.04,-0.45,-1.62,Waning Crescent,WNC,25,59,1180,6,82,1640,9,106.8738,0,0,1,0,0,0,0,0,0,0,0,0,0,1,0,0,0,0,0,0,0,0,0,0,0,0,0,0,1,0,0,0,6,0,2,66,0,0,0,0,0,0,1,0,0,0,0,0,0,0,0,0,0,0,0,0,0,3,0,1,0,0,0,0,0,0,0,0,0,0
ID43,2012,31,5/17/2012,17-May,8,12,16.1,0.6,-0.89,-0.11,5.78,-0.14,-0.18,-0.59,Waning Crescent,WNC,26,129,2580,13,28,560,3,35.312,0,0,0,0,0,0,0,0,0,0,0,0,0,0,0,0,0,0,0,0,0,0,0,0,0,0,0,0,0,0,0,0,7,0,2,19,0,0,0,0,0,0,0,0,0,0,0,0,0,0,0,0,0,0,0,0,0,0,0,0,0,0,0,0,0,0,0,0,0,0
ID44,2012,32,5/18/2012,18-May,9,7,17.37,1.27,1.86,0.38,5.49,-0.29,-0.43,-0.47,Waning Crescent,WNC,27,57,1140,92,163,3260,6,200.9174,0,0,0,0,0,0,0,0,0,0,0,0,0,0,0,0,0,0,0,0,0,0,0,0,0,0,0,0,1,0,0,0,24,0,9,119,0,0,0,0,9,0,0,0,0,0,0,0,0,0,0,0,0,0,0,0,0,0,0,1,0,0,0,0,0,0,0,0,0,0
ID45,2012,33,5/19/2012,19-May,10,3,NA,NA,NA,NA,NA,NA,NA,NA,Waning Crescent,WNC,28,13,260,317,42,840,4,49.0488,0,0,0,0,0,0,0,0,0,0,0,0,0,0,0,0,0,0,0,0,0,0,0,0,0,0,0,0,0,0,0,0,11,0,6,24,0,0,0,0,0,0,1,0,0,0,0,0,0,0,0,0,0,0,0,0,0,0,0,0,0,0,0,0,0,0,0,0,0,0
ID46,2012,34,5/20/2012,20-May,11,1,NA,NA,NA,NA,NA,NA,NA,NA,New Moon,NM,0,20,400,1052,160,3200,8,204.541,0,0,0,0,0,0,0,0,0,1,0,0,0,0,0,0,0,0,0,0,0,0,0,1,0,0,0,0,0,0,0,0,26,0,7,117,0,0,0,0,0,0,6,0,0,0,0,0,0,0,0,0,0,0,0,0,1,0,0,1,0,0,0,0,0,0,0,0,0,0
ID47,2012,35,5/21/2012,21-May,12,0,NA,NA,NA,NA,NA,NA,NA,NA,New Moon,NM,0,25,500,1027,170,3400,8,228.2994,0,0,0,0,0,0,0,0,0,0,0,0,0,0,0,0,0,0,0,0,0,0,0,0,0,0,0,0,2,0,0,0,22,0,2,129,0,0,0,0,0,0,3,0,0,0,0,0,0,0,0,0,0,0,0,0,3,5,0,4,0,0,0,0,0,0,0,0,0,0
ID48,2012,36,5/22/2012,22-May,13,1,18.76,NA,NA,NA,NA,NA,NA,NA,Waxing Crescent,WXC,1,6,120,1067,311,6220,8,411.2696,0,0,0,0,0,0,0,0,0,0,0,0,0,0,0,0,0,0,0,0,0,0,0,1,0,0,0,0,1,0,0,0,30,0,12,256,0,0,0,0,0,0,4,0,0,0,0,0,0,0,0,0,0,0,0,0,3,0,0,4,0,0,0,0,0,0,0,0,0,0
ID49,2012,37,5/23/2012,23-May,14,4,19.77,1.01,NA,NA,11.83,0.9,NA,NA,Waxing Crescent,WXC,2,16,320,1686,67,1340,8,86.5068,0,0,0,0,0,0,0,2,0,0,0,0,0,0,0,0,0,0,0,0,0,0,0,0,0,0,0,0,1,0,0,0,11,0,7,39,0,0,0,0,0,0,3,0,0,0,0,0,0,0,0,0,0,0,0,0,2,0,0,2,0,0,0,0,0,0,0,0,0,0
ID5,2011,19,5/23/2011,23-May,5,65,18.14841667,0.725708333,1.869625,3.720125,11.83,0.84,1.86,-0.49,Waning Gibbous,WAG,19,299,5980,756,170,3400,9,224.126,0,0,0,0,0,0,0,0,0,0,1,0,0,1,0,0,0,0,0,0,0,0,0,0,0,0,4,0,3,0,0,0,73,0,2,84,0,0,0,0,0,0,0,1,0,0,0,0,0,0,0,0,0,0,0,0,0,1,0,0,0,0,0,0,0,0,0,0,0,0
ID50,2012,38,5/24/2012,24-May,15,9,20.8,1.03,2.04,NA,11.32,-0.51,0.39,NA,Waxing Crescent,WXC,3,9,180,1326,31,620,3,41.7506,0,0,0,0,0,0,0,0,0,0,0,0,0,0,0,0,0,0,0,0,0,0,0,0,0,0,0,0,0,0,0,0,2,0,0,28,0,0,0,0,0,0,1,0,0,0,0,0,0,0,0,0,0,0,0,0,0,0,0,0,0,0,0,0,0,0,0,0,0,0
ID51,2012,39,5/25/2012,25-May,16,16,20.87,0.07,1.1,2.11,10.35,-0.97,-1.48,-0.58,Waxing Crescent,WXC,4,22,440,1750,156,3120,8,200.8608,0,0,3,0,0,0,0,0,0,0,0,0,0,0,0,0,0,0,0,0,0,0,0,1,0,0,0,0,0,0,0,0,15,0,4,129,0,0,0,0,0,0,2,0,0,0,0,0,0,0,0,0,0,0,0,0,1,1,0,0,0,0,0,0,0,0,0,0,0,0
ID52,2012,40,5/26/2012,26-May,17,24,20.61,-0.27,-0.2,0.84,10.32,-0.03,-1,-1.51,Waxing Crescent,WXC,5,53,1060,1219,45,900,5,57.487,0,0,0,0,0,0,0,0,0,0,0,0,0,0,0,0,0,0,0,0,0,0,0,0,0,0,0,0,0,0,0,0,3,0,3,37,0,0,0,0,0,0,0,0,0,0,0,0,0,0,0,0,0,0,0,0,0,1,0,1,0,0,0,0,0,0,0,0,0,0
ID53,2012,41,5/27/2012,27-May,18,33,20.27,-0.33,-0.6,-0.53,10.48,0.16,0.13,-0.84,Waxing Crescent,WXC,6,206,4120,594,62,1240,5,81.3824,0,0,0,0,0,0,0,0,0,0,0,0,0,0,0,0,0,0,0,0,0,0,0,0,0,0,1,0,0,0,0,0,9,0,2,45,0,0,0,0,0,0,0,0,0,0,0,0,0,0,0,0,0,0,0,0,5,0,0,0,0,0,0,0,0,0,0,0,0,0
ID54,2012,42,5/28/2012,28-May,19,43,20.7,0.43,0.09,-0.17,11.86,1.38,1.54,1.51,First Quarter,FQ,7,22,440,105,8,160,5,7.3258,0,0,0,0,0,0,0,0,0,0,0,0,0,0,0,0,0,0,0,0,1,0,0,0,0,0,0,0,0,0,0,0,2,0,2,2,0,0,0,0,0,0,0,0,0,0,0,0,0,0,0,0,0,0,0,0,1,0,0,0,0,0,0,0,0,0,0,0,0,0
ID55,2012,43,5/29/2012,29-May,20,54,20.59,-0.11,0.31,-0.02,13.28,1.43,2.8,2.97,Waxing Gibbous,WXG,8,478,9560,43,39,780,5,23.2324,0,0,0,0,0,0,0,0,0,0,0,0,0,0,0,0,0,0,0,0,26,0,0,0,0,0,0,0,1,0,0,0,3,0,2,7,0,0,0,0,0,0,0,0,0,0,0,0,0,0,0,0,0,0,0,0,0,0,0,0,0,0,0,0,0,0,0,0,0,0
ID56,2012,44,5/30/2012,30-May,21,83,19.73,-0.86,-0.97,-0.54,12.86,-0.42,1,2.38,Waxing Gibbous,WXG,9,4876,97520,15,66,1320,7,42.5792,0,0,0,0,0,0,0,0,0,0,0,0,0,0,0,0,0,0,0,0,42,0,0,0,0,1,0,0,1,0,0,0,3,0,1,17,0,0,0,0,0,0,1,0,0,0,0,0,0,0,0,0,0,0,0,0,0,0,0,0,0,0,0,0,0,0,0,0,0,0
ID57,2012,45,5/31/2012,31-May,22,100,18.99,-0.74,-1.59,-1.71,11.9,-0.96,-1.39,0.04,Waxing Gibbous,WXG,10,6095,121900,8,40,800,4,21.644,0,0,0,0,0,0,0,0,0,0,0,0,0,0,0,0,0,0,0,0,27,0,0,0,0,0,0,0,0,0,0,0,3,0,2,8,0,0,0,0,0,0,0,0,0,0,0,0,0,0,0,0,0,0,0,0,0,0,0,0,0,0,0,0,0,0,0,0,0,0
ID58,2012,46,6/1/2012,1-Jun,23,85,17.71,-1.28,-2.02,-2.88,11.95,0.05,-0.91,-1.34,Waxing Gibbous,WXG,11,1131,22620,17,145,2900,9,108.8464,0,0,0,0,1,0,0,0,0,0,0,0,0,0,0,0,0,0,0,0,70,0,0,2,0,0,0,0,1,0,0,0,14,0,5,41,0,0,0,0,0,0,0,0,0,0,0,0,0,0,0,0,0,0,2,0,9,0,0,0,0,0,0,0,0,0,0,0,0,0
ID59,2012,52,6/7/2012,7-Jun,24,90,17.8,1.25,2.05,2.99,15.53,-4.51,-7.99,-8.24,Waning Gibbous,WAG,12,129,2580,3,177,3540,9,175.537,0,0,0,0,0,0,0,0,0,0,0,0,0,0,0,0,0,0,0,0,52,0,0,0,0,1,1,0,1,0,0,0,32,0,5,79,0,0,0,0,0,0,1,0,0,0,0,0,0,0,0,0,0,0,0,0,5,0,0,0,0,0,0,0,0,0,0,0,0,0
ID6,2011,20,5/24/2011,24-May,6,56,17.53404167,-0.614375,0.111333333,1.25525,11.17,-0.66,0.19,1.21,Last Quarter,LQ,20,834,16680,1546,257,5140,10,342.21,0,0,0,0,0,0,0,1,0,0,0,0,0,1,0,0,0,0,0,0,0,0,0,0,0,0,9,0,1,0,0,0,51,0,1,187,0,0,0,0,0,0,0,0,0,0,0,0,0,0,0,0,0,0,0,0,1,4,0,1,0,0,0,0,0,0,0,0,0,0
ID60,2012,53,6/8/2012,8-Jun,25,82,19.16,1.36,2.61,3.41,11.64,-3.89,-8.4,-11.88,Waning Gibbous,WAG,13,132,2640,1,63,1260,7,53.1582,0,0,0,0,0,0,0,0,0,0,0,0,0,0,0,0,0,0,0,0,23,0,0,0,0,0,0,0,0,0,0,0,7,0,4,24,0,0,0,0,0,0,1,1,0,0,0,0,0,0,0,0,0,0,0,0,3,0,0,0,0,0,0,0,0,0,0,0,0,0
ID61,2012,54,6/9/2012,9-Jun,26,72,20.15,1,2.35,3.6,14.75,3.11,-0.79,-5.29,Waning Gibbous,WAG,14,106,2120,1,97,1940,10,73.1388,0,0,1,0,0,0,0,0,0,1,0,0,0,0,0,0,0,0,0,0,51,0,0,0,0,0,1,0,4,0,0,0,9,0,1,24,0,0,0,0,0,0,0,0,0,0,0,0,0,0,0,0,0,0,0,0,1,4,0,0,0,0,0,0,0,0,0,0,0,0
ID62,2012,55,6/10/2012,10-Jun,27,63,21.91,1.76,2.75,4.11,14.79,0.05,3.15,-0.74,Waning Gibbous,WAG,15,79,1580,0,77,1540,8,63.3938,0,0,0,0,0,0,0,0,0,0,0,0,0,1,0,0,0,0,0,0,39,0,0,0,0,0,2,0,3,0,0,0,7,0,0,22,0,0,0,0,0,0,0,0,0,0,0,0,0,0,0,0,0,0,0,0,1,2,0,0,0,0,0,0,0,0,0,0,0,0
ID63,2012,56,6/11/2012,11-Jun,28,53,23.34,1.43,3.19,4.18,14.67,-0.12,-0.08,3.03,Last Quarter,LQ,16,54,1080,20,41,820,7,41.3906,0,0,1,0,0,0,0,0,0,0,0,0,0,0,0,0,0,0,0,0,13,0,0,0,0,0,1,0,1,0,0,0,4,0,0,17,0,0,0,0,0,0,0,0,0,0,0,0,0,0,0,0,0,0,0,0,4,0,0,0,0,0,0,0,0,0,0,0,0,0
ID64,2012,57,6/12/2012,12-Jun,29,43,21.64,-1.7,-0.27,1.49,12.55,-2.12,-2.25,-2.2,Waning Crescent,WNC,17,169,3380,51,39,780,7,43.2412,0,0,0,0,0,0,0,0,0,0,0,0,0,0,1,0,0,0,0,0,6,0,0,0,0,0,1,0,0,0,0,0,6,0,1,21,0,0,0,0,0,0,0,0,0,0,0,0,0,0,0,0,0,0,0,0,3,0,0,0,0,0,0,0,0,0,0,0,0,0
ID65,2012,58,6/13/2012,13-Jun,30,33,21.08,-0.56,-2.26,-0.83,11.17,-1.37,-3.5,-3.62,Waning Crescent,WNC,18,93,1860,181,46,920,5,55.6772,0,0,0,0,0,0,0,0,0,0,0,0,0,0,0,0,0,0,0,0,6,0,0,0,0,1,0,0,0,0,0,0,2,0,0,34,0,0,0,0,0,0,0,0,0,0,0,0,0,0,0,0,0,0,0,0,3,0,0,0,0,0,0,0,0,0,0,0,0,0
ID66,2012,59,6/14/2012,14-Jun,31,25,21.44,0.36,-0.2,-1.9,11.59,0.42,-0.95,-3.08,Waning Crescent,WNC,19,43,860,286,80,1600,10,83.9754,0,0,0,0,1,0,0,0,0,0,0,0,0,0,0,0,0,0,0,0,18,0,0,1,0,0,4,0,1,0,0,0,7,0,2,37,0,0,0,0,0,0,0,0,0,0,0,0,0,0,0,0,0,0,0,0,8,1,0,0,0,0,0,0,0,0,0,0,0,0
ID67,2012,60,6/15/2012,15-Jun,32,17,22.17,0.73,1.09,0.53,10.53,-1.06,-0.64,-2.01,Waning Crescent,WNC,20,317,6340,103,50,1000,5,24.8574,0,0,1,0,0,0,0,0,0,0,0,0,0,0,0,0,0,0,0,0,37,0,0,0,0,0,0,0,0,0,0,0,6,0,0,5,0,0,0,0,0,0,0,0,0,0,0,0,0,0,0,0,0,0,0,0,1,0,0,0,0,0,0,0,0,0,0,0,0,0
ID68,2012,61,6/16/2012,16-Jun,33,10,22.6,0.43,1.16,1.52,10.65,0.11,-0.95,-0.53,Waning Crescent,WNC,21,13,260,30,31,620,7,61.402,0,0,0,0,0,0,0,0,0,0,0,0,0,0,0,0,0,0,0,0,1,0,0,0,0,0,0,0,0,0,0,0,7,0,1,13,0,0,0,0,0,0,0,0,1,0,0,0,0,0,0,0,0,0,0,0,6,2,0,0,0,0,0,0,0,0,0,0,0,0
ID69,2012,62,6/17/2012,17-Jun,34,5,22.17,-0.43,-0.01,0.73,12.83,2.18,2.3,1.24,Waning Crescent,WNC,22,11,220,13,37,740,9,45.6112,0,0,1,0,0,0,0,0,0,0,0,0,0,0,0,0,0,0,0,0,4,0,0,1,0,0,1,0,2,1,0,0,8,0,0,9,0,0,0,0,0,0,0,0,0,0,0,0,0,0,0,0,0,0,0,0,10,0,0,0,0,0,0,0,0,0,0,0,0,0
ID7,2011,21,5/25/2011,25-May,7,46,17.24054167,-0.2935,-0.907875,-0.182166667,11.31,0.14,-0.52,0.33,Waning Crescent,WNC,21,601,12020,2413,0,0,0,0,0,0,0,0,0,0,0,0,0,0,0,0,0,0,0,0,0,0,0,0,0,0,0,0,0,0,0,0,0,0,0,0,0,0,0,0,0,0,0,0,0,0,0,0,0,0,0,0,0,0,0,0,0,0,0,0,0,0,0,0,0,0,0,0,0,0,0,0,0,0
ID70,2012,67,6/22/2012,22-Jun,35,7,22.57,-0.26,-0.12,0.7,16.83,-4.73,-7.19,-3.55,Waxing Crescent,WXC,2,41,820,0,38,760,9,44.8934,0,0,1,0,0,0,0,0,0,0,0,0,0,0,0,0,0,0,0,0,2,0,0,0,0,0,0,0,2,0,0,0,13,0,2,13,0,0,0,0,0,0,1,0,0,0,0,0,0,0,0,0,0,0,0,0,1,3,0,0,0,0,0,0,0,0,0,0,0,0
ID71,2012,68,6/23/2012,23-Jun,36,13,22.59,0.03,-0.23,-0.09,13.11,-3.72,-8.45,-10.91,Waxing Crescent,WXC,3,2,40,0,43,860,6,55.2716,0,0,1,0,0,0,0,0,0,0,0,0,0,0,0,0,0,0,0,0,1,0,0,0,0,0,1,0,0,0,0,0,12,0,0,10,0,0,0,0,0,0,0,0,0,0,0,0,0,0,0,0,0,0,0,0,18,0,0,0,0,0,0,0,0,0,0,0,0,0
ID72,2013,15,5/18/2013,18-May,1,50,13.66,-1.21,-1.25,0.92,8.09,-0.92,-0.86,-0.71,First Quarter,FQ,8,67,1340,11,75,1500,6,100.3188,0,0,1,0,0,0,0,0,0,0,0,0,0,0,0,0,0,0,0,0,0,0,0,0,0,0,5,0,2,0,0,0,11,0,2,54,0,0,0,0,0,0,0,0,0,0,0,0,0,0,0,0,0,0,0,0,0,0,0,0,0,0,0,0,0,0,0,0,0,0
ID73,2013,16,5/19/2013,19-May,3,60,13.81,0.15,-1.05,-1.1,6.55,-1.54,-2.46,-2.4,Waxing Gibbous,WXG,9,158,3160,51,28,560,9,33.2468,0,0,1,0,0,0,0,0,0,0,0,0,0,0,0,0,0,0,0,0,0,0,0,0,0,0,2,0,1,0,0,0,6,0,1,13,0,0,0,0,0,0,0,0,0,0,0,0,0,0,0,0,0,0,0,0,1,1,0,0,2,0,0,0,0,0,0,0,0,0
ID74,2013,17,5/20/2013,20-May,4,70,16.41,2.6,2.75,1.55,5.78,-0.77,-2.31,-3.23,Waxing Gibbous,WXG,10,734,14680,171,45,900,6,60.4434,0,0,0,0,0,0,0,1,0,0,0,0,0,0,0,0,0,0,0,0,0,0,0,0,0,0,7,0,1,0,0,0,9,0,1,26,0,0,0,0,0,0,0,0,0,0,0,0,0,0,0,0,0,0,0,0,0,0,0,0,0,0,0,0,0,0,0,0,0,0
ID75,2013,25,5/28/2013,28-May,12,87,13.7,-0.2,0.4,1.28,9.26,-3.77,-6.83,-7.76,Waning Gibbous,WAG,18,4,80,6,25,500,4,39.2448,0,0,0,0,0,0,0,0,0,0,0,0,0,0,0,0,0,0,0,0,0,0,0,0,0,0,0,0,3,0,0,0,14,0,0,7,0,0,0,0,0,0,0,0,0,0,0,0,0,0,0,0,0,0,0,0,0,0,0,1,0,0,0,0,0,0,0,0,0,0
ID76,2013,26,5/29/2013,29-May,13,61,13.7,0,-0.2,0.4,7.74,-1.52,-5.29,-8.35,Waning Gibbous,WAG,19,12,240,3,81,1620,7,109.3976,0,0,0,0,0,1,0,0,0,0,0,0,0,0,0,0,0,0,0,0,0,0,0,0,0,0,5,0,2,0,0,0,33,0,1,38,0,0,0,0,0,0,0,0,0,0,0,0,0,0,0,0,0,0,0,0,0,0,0,1,0,0,0,0,0,0,0,0,0,0
ID77,2013,27,5/30/2013,30-May,14,50,16.17,2.47,2.47,2.27,7.79,0.05,-1.47,-5.24,Waning Gibbous,WAG,20,13,260,16,120,2400,8,152.1992,0,0,2,0,0,0,0,0,0,0,0,0,0,0,0,0,0,0,0,0,0,0,0,0,0,0,0,0,1,0,0,1,31,0,7,76,0,0,0,0,0,0,0,0,0,0,0,0,0,0,0,0,0,0,0,0,0,1,0,1,0,0,0,0,0,0,0,0,0,0
ID78,2013,28,5/31/2013,31-May,15,25,19.23,3.06,5.53,5.53,7.02,-0.78,-0.73,-2.25,Last Quarter,LQ,21,5,100,9,65,1300,8,92.1868,0,0,0,0,0,0,0,3,0,0,0,0,0,0,0,0,0,0,0,0,0,0,0,0,0,0,4,0,3,0,0,0,16,0,3,34,0,0,1,0,0,0,0,0,0,0,0,0,0,0,0,0,0,0,0,0,1,0,0,0,0,0,0,0,0,0,0,0,0,0
ID79,2013,29,6/1/2013,1-Jun,16,46,20.41,1.18,4.24,6.7,5.93,-1.08,-1.86,-1.81,Waning Crescent,WNC,22,0,0,14,141,2820,6,186.7524,0,0,0,0,0,0,0,0,0,0,0,0,0,0,0,0,0,0,0,0,0,0,0,0,0,0,6,0,2,0,0,0,12,0,6,114,0,0,0,0,0,0,0,0,0,0,0,0,0,0,0,0,0,0,0,0,1,0,0,0,0,0,0,0,0,0,0,0,0,0
ID8,2011,22,5/26/2011,26-May,8,37,15.815375,-1.425166667,-1.718666667,-2.333041667,10.46,-0.85,-0.71,-1.37,Waning Crescent,WNC,22,1095,21900,3147,394,7880,10,512.8548,0,0,1,0,0,0,0,1,0,0,0,0,0,0,0,0,0,0,0,0,0,0,0,1,0,0,0,0,4,0,0,0,85,0,4,283,0,0,0,0,12,0,0,0,0,0,0,0,0,0,0,0,0,0,0,0,0,2,0,0,0,1,0,0,0,0,0,0,0,0
ID80,2013,33,6/5/2013,5-Jun,20,11,14.12,0.14,-0.27,-4.49,7.91,-0.76,-0.1,1.42,Waning Crescent,WNC,26,6,120,15,70,1400,6,101.1144,0,0,0,0,0,0,0,0,0,0,0,0,0,0,0,0,0,0,0,0,0,0,0,0,0,0,3,0,5,0,0,0,7,0,1,53,0,0,0,0,0,0,0,0,0,0,0,0,0,0,0,0,0,0,0,0,0,1,0,0,0,0,0,0,0,0,0,0,0,0
ID81,2013,34,6/6/2013,6-Jun,21,5,14.16,0.05,0.18,-0.22,6.61,-1.3,-2.06,-1.4,Waning Crescent,WNC,27,25,500,30,29,580,4,39.015,0,0,0,0,0,0,0,0,0,0,0,0,0,0,0,0,0,0,0,0,0,0,0,0,0,0,1,0,0,0,0,0,4,0,0,23,0,0,0,0,0,0,0,0,0,0,0,0,0,0,0,0,0,0,0,0,1,0,0,0,0,0,0,0,0,0,0,0,0,0
ID82,2013,35,6/7/2013,7-Jun,22,2,15.35,1.18,1.23,1.37,5.86,-0.75,-2.05,-2.81,Waning Crescent,WNC,28,72,1440,36,77,1540,5,103.8448,0,0,0,0,0,0,0,0,0,0,0,0,0,0,0,0,0,0,0,0,0,0,0,0,0,0,2,0,3,0,0,0,6,0,5,61,0,0,0,0,0,0,0,0,0,0,0,0,0,0,0,0,0,0,0,0,0,0,0,0,0,0,0,0,0,0,0,0,0,0
ID83,2013,36,6/8/2013,8-Jun,23,0,15.95,0.6,1.79,1.83,5.79,-0.07,-0.82,-2.12,New Moon,NM,0,85,1700,69,166,3320,7,218,0,0,0,0,0,0,0,0,0,2,0,0,0,0,0,0,0,0,0,0,0,0,0,0,0,0,2,0,2,0,0,0,12,0,6,141,0,0,0,0,0,0,0,0,0,0,0,0,0,0,0,0,0,0,0,0,0,0,1,0,0,0,0,0,0,0,0,0,0,0
ID84,2013,37,6/9/2013,9-Jun,24,0,15.58,-0.37,0.23,1.41,6.15,0.36,0.29,-0.46,Waxing Crescent,WXC,1,208,4160,37,105,2100,6,140.9676,0,0,0,0,0,0,0,0,0,0,0,0,0,0,0,0,0,0,0,0,0,0,0,0,0,0,1,0,1,0,0,0,7,0,4,91,0,0,1,0,0,0,0,0,0,0,0,0,0,0,0,0,0,0,0,0,0,0,0,0,0,0,0,0,0,0,0,0,0,0
ID85,2013,38,6/10/2013,10-Jun,25,2,15.99,0.41,0.04,0.64,5.11,-1.04,-0.68,-0.75,Waxing Crescent,WXC,2,184,3680,64,124,2480,5,166.4598,0,0,0,0,0,0,0,0,0,0,0,0,0,0,0,0,0,0,0,0,0,0,0,0,0,0,1,0,2,0,0,0,6,0,5,110,0,0,0,0,0,0,0,0,0,0,0,0,0,0,0,0,0,0,0,0,0,0,0,0,0,0,0,0,0,0,0,0,0,0
ID86,2013,39,6/11/2013,11-Jun,26,6,16.4,0.41,0.82,0.45,4.74,-0.37,-1.41,-1.05,Waxing Crescent,WXC,3,1130,22600,58,110,2200,7,151.2372,0,0,0,0,0,0,0,0,0,0,0,0,0,0,0,0,0,0,0,0,0,0,0,0,0,0,2,0,3,0,0,0,6,0,2,95,0,0,0,0,0,0,0,0,0,0,0,0,0,0,0,0,0,0,0,0,1,0,1,0,0,0,0,0,0,0,0,0,0,0
ID87,2013,40,6/12/2013,12-Jun,27,11,18.03,1.63,2.04,2.45,4.83,0.09,-0.28,-1.32,Waxing Crescent,WXC,4,509,10180,27,118,2360,6,152.9132,0,0,0,0,0,0,0,0,0,0,0,0,0,0,0,0,0,0,0,0,1,0,0,0,0,0,1,0,1,0,0,0,7,0,7,101,0,0,0,0,0,0,0,0,0,0,0,0,0,0,0,0,0,0,0,0,0,0,0,0,0,0,0,0,0,0,0,0,0,0
ID88,2013,41,6/13/2013,13-Jun,28,18,19.09,1.06,2.69,3.1,4.53,-0.3,-0.21,-0.58,Waxing Crescent,WXC,5,436,8720,33,38,760,5,50.4616,0,0,0,0,0,0,0,0,0,0,0,0,0,0,0,0,0,0,0,0,2,0,0,0,0,0,0,0,2,0,0,0,6,0,2,26,0,0,0,0,0,0,0,0,0,0,0,0,0,0,0,0,0,0,0,0,0,0,0,0,0,0,0,0,0,0,0,0,0,0
ID89,2013,42,6/14/2013,14-Jun,29,26,18.96,-0.13,0.93,2.56,5.61,1.08,0.78,0.87,Waxing Crescent,WXC,6,354,7080,60,82,1640,6,77.1984,0,0,0,0,0,0,0,0,0,0,0,0,0,0,0,0,0,0,0,0,29,0,0,0,0,0,0,0,1,0,0,0,6,0,3,40,0,0,0,0,0,0,0,0,0,0,0,0,0,0,0,0,0,0,0,0,3,0,0,0,0,0,0,0,0,0,0,0,0,0
ID9,2011,23,5/27/2011,27-May,9,28,15.87383333,0.058458333,-1.366708333,-1.660208333,11.53,1.07,0.22,0.36,Waning Crescent,WNC,23,0,0,2129,0,0,0,0,0,0,0,0,0,0,0,0,0,0,0,0,0,0,0,0,0,0,0,0,0,0,0,0,0,0,0,0,0,0,0,0,0,0,0,0,0,0,0,0,0,0,0,0,0,0,0,0,0,0,0,0,0,0,0,0,0,0,0,0,0,0,0,0,0,0,0,0,0,0
ID90,2013,43,6/15/2013,15-Jun,30,35,17.84,-1.12,-1.25,-0.19,4.84,-0.76,0.32,0.02,Waxing Crescent,WXC,7,4,80,47,126,2520,6,71.527,0,0,0,0,0,0,1,0,0,0,0,0,0,0,0,0,0,0,0,0,81,0,0,0,0,0,2,0,0,0,0,0,6,0,6,30,0,0,0,0,0,0,0,0,0,0,0,0,0,0,0,0,0,0,0,0,0,0,0,0,0,0,0,0,0,0,0,0,0,0
ID91,2013,44,6/16/2013,16-Jun,31,45,18.3,0.47,-0.65,-0.78,4.04,-0.81,-1.57,-0.49,First Quarter,FQ,8,15,300,54,146,2920,7,73.4512,0,0,0,0,1,0,0,0,0,0,0,0,0,0,0,0,0,0,0,0,106,0,0,0,0,0,1,0,0,0,0,0,5,0,4,27,0,0,0,0,0,0,0,0,0,0,0,0,0,0,0,0,0,0,0,0,2,0,0,0,0,0,0,0,0,0,0,0,0,0
ID92,2013,45,6/17/2013,17-Jun,32,55,18.3,0,0.46,-0.66,5.5,1.47,0.66,-0.1,Waxing Gibbous,WXG,9,57,1140,48,62,1240,5,23.7334,0,0,0,0,0,0,0,0,0,0,0,0,0,0,0,0,0,0,0,0,51,0,0,3,0,0,0,0,0,0,0,0,5,0,1,2,0,0,0,0,0,0,0,0,0,0,0,0,0,0,0,0,0,0,0,0,0,0,0,0,0,0,0,0,0,0,0,0,0,0
ID93,2013,46,6/18/2013,18-Jun,33,66,17.15,-1.15,-1.15,-0.68,6.66,1.16,2.62,1.81,Waxing Gibbous,WXG,10,182,3640,29,50,1000,7,25.6302,0,0,0,0,0,0,0,1,0,0,1,0,0,0,0,0,0,0,0,0,37,0,0,0,0,0,0,0,1,0,0,0,1,0,2,7,0,0,0,0,0,0,0,0,0,0,0,0,0,0,0,0,0,0,0,0,0,0,0,0,0,0,0,0,0,0,0,0,0,0
ID94,2013,47,6/19/2013,19-Jun,34,76,17.46,0.31,-0.84,-0.84,6.54,-0.12,1.04,2.5,Waxing Gibbous,WXG,11,435,8700,17,36,720,7,27.8914,0,0,0,0,0,0,0,0,0,0,1,0,0,0,0,0,0,0,0,0,23,0,0,0,0,0,0,0,4,0,0,0,3,0,1,3,0,0,0,0,0,0,0,0,0,0,0,0,0,0,0,0,0,0,0,0,1,0,0,0,0,0,0,0,0,0,0,0,0,0
ID95,2013,48,6/20/2013,20-Jun,35,85,17.87,0.42,0.72,-0.42,6.01,-0.52,-0.64,0.51,Waxing Gibbous,WXG,12,484,9680,10,32,640,5,9.9734,0,0,0,0,0,0,0,0,0,0,4,0,0,0,0,0,0,0,0,0,25,0,0,0,0,0,0,0,1,0,0,0,0,0,1,0,0,0,0,0,0,0,0,0,0,0,0,0,0,0,0,0,0,0,0,0,0,0,1,0,0,0,0,0,0,0,0,0,0,0
ID96,2013,49,6/21/2013,21-Jun,36,92,18.67,0.79,1.21,1.51,5.36,-0.66,-1.18,-1.3,Waxing Gibbous,WXG,13,249,4980,5,36,720,8,19.1502,0,0,0,0,0,2,0,0,0,0,0,0,0,0,0,0,0,0,0,0,25,0,1,0,0,0,0,0,1,0,0,0,4,0,1,1,0,0,0,0,0,0,0,0,0,0,0,0,0,0,0,0,0,0,0,0,1,0,0,0,0,0,0,0,0,0,0,0,0,0
ID97,2013,50,6/22/2013,22-Jun,37,97,18.85,0.18,0.98,1.39,4.91,-0.45,-1.11,-1.63,Waxing Gibbous,WXG,14,166,3320,2,19,380,7,13.1176,0,0,0,0,0,1,0,0,0,0,2,0,0,0,0,0,0,0,0,0,7,0,0,0,0,0,0,0,1,0,0,0,4,0,0,1,0,0,0,0,0,0,0,0,0,0,0,0,0,0,0,0,0,0,0,0,0,0,0,0,3,0,0,0,0,0,0,0,0,0
ID98,2013,51,6/23/2013,23-Jun,38,100,19.56,0.71,0.9,1.69,4.47,-0.43,-0.89,-1.54,Full Moon,FM,15,66,1320,0,24,480,6,11.91,0,0,0,0,0,0,0,0,0,0,6,0,0,0,0,0,0,0,0,0,12,0,1,0,0,0,0,0,1,0,0,0,2,0,0,2,0,0,0,0,0,0,0,0,0,0,0,0,0,0,0,0,0,0,0,0,0,0,0,0,0,0,0,0,0,0,0,0,0,0
ID99,2013,52,6/24/2013,24-Jun,39,99,21.68,2.11,2.83,3.01,4.18,-0.3,-0.73,-1.18,Waning Gibbous,WAG,16,61,1220,0,13,260,3,8.5666,0,0,0,0,0,0,0,0,0,0,0,0,0,0,0,0,0,0,0,0,8,0,0,0,0,0,0,0,0,0,0,0,2,0,0,3,0,0,0,0,0,0,0,0,0,0,0,0,0,0,0,0,0,0,0,0,0,0,0,0,0,0,0,0,0,0,0,0,0,0
,,,,,,,,,,,,,,,,,,,,,,,,,,,,,,,,,,,,,,,,,,,,,,,,,,,,,,,,,,,,,,,,,,,,,,,,,,,,,,,,,,,,,,,,,,,,,,
,,,,,,,,,,,,,,,,,,,,,,,,,,,,,,,,,,,,,,,,,,,,,,,,,,,,,,,,,,,,,,,,,,,,,,,,,,,,,,,,,,,,,,,,,,,,,,
,,,,,,,,,,,,,,,,,,,,,,,,,,,,,,,,,,,,,,,,,,,,,,,,,,,,,,,,,,,,,,,,,,,,,,,,,,,,,,,,,,,,,,,,,,,,,,
,,,,,,,,,,,,,,,,,,,,,,,,,,,,,,,,,,,,,,,,,,,,,,,,,,,,,,,,,,,,,,,,,,,,,,,,,,,,,,,,,,,,,,,,,,,,,,
,,,, ,,,,,,,,,,,,,,,,,,,,,,,,,,,,,,,,,,,,,,,,,,,,,,,,,,,,,,,,,,,,,,,,,,,,,,,,,,,,,,,,,,,,,,,,,,
