SampleID,Year,DPFS,Date,Date2,Night,percillum,Temp,ChangeTEMP24_hrs,ChangeTEMP48_hrs,ChangeTEMP72_hrs,Q,ChangeQ24_hrs,ChangeQ48_hrs,ChangeQ72_hrs,MoonPhase,CODE,LunarDay,Nsuckers5,Nsuckers100,Nsturgeon,Ninverts,Ninverts100,Nfamilies,InvertBiomass100
ID123,2015,15,18-May,18-May,1,0,16.59333333,0.70075,2.906041667,3.100083333,10.20683647,2.70512432,2.52187601,1.070676369,New Moon,NM,0,4065,81300,5,137,2740,14,146.783
ID14,2011,28,1-Jun,1-Jun,14,0,17.755875,-1.090291667,0.686958333,2.370166667,8.490471756,0.746479191,-0.313751109,-1.697697765,New Moon,NM,0,18,360,0,37,740,7,48.5876
ID15,2011,29,2-Jun,2-Jun,15,0,17.61704167,-0.138833333,-1.229125,0.548125,8.297408761,-0.193062995,0.553416196,-0.506814104,Waxing Crescent,WXC,1,7,140,333,57,1140,11,59.3862
ID166,2016,33,5-Jun,5-Jun,17,0,19.389,-1.100166667,-0.531833333,-0.531666667,7.817706646,-0.233205355,-0.708507195,-0.045114869,Waxing Crescent,WXC,2,395,7900,19,41,820,12,26.9768
ID200,2017,29,26-May,26-May,11,0,14.89070833,0.493583333,0.17825,0.3105,9.524172036,0.632453548,1.535013029,1.633317004,Waxing Crescent,WXC,2,5,100,217,114,2280,15,137.5456
ID240,2018,36,14-Jun,14-Jun,21,0,20.27083333,0.409875,0.237583333,0.654291667,6.417315133,0.185658934,0.084620416,0.169587939,Waxing Crescent,WXC,1,23,460,212,61,1220,6,30.9642
ID47,2012,35,21-May,21-May,12,0,NA,NA,NA,NA,NA,NA,NA,NA,New Moon,NM,0,25,500,1027,170,3400,8,228.2994
ID83,2013,36,8-Jun,8-Jun,23,0,15.95045833,0.602375,1.786208333,1.832666667,5.789125274,-0.068236661,-0.822330062,-2.117447382,New Moon,NM,0,85,1700,69,166,3320,7,218
ID84,2013,37,9-Jun,9-Jun,24,0,15.576,-0.374458333,0.227916667,1.41175,6.147647391,0.358522117,0.290285455,-0.463807946,Waxing Crescent,WXC,1,208,4160,37,105,2100,6,140.9676
ID121,2014,50,26-Jun,26-Jun,22,1,19.49035417,0.499916667,0.355145833,0.3254375,NA,NA,NA,NA,Waning Crescent,WNC,27,9,180,0,53,1060,9,70.2256
ID122,2014,52,28-Jun,28-Jun,23,1,22.2164375,1.4568125,2.726083333,3.226,NA,NA,NA,NA,Waning Crescent,WNC,28,0,0,0,40,800,11,49.5832
ID161,2016,28,31-May,31-May,12,1,21.75325,0.275416667,-0.174416667,0.319083333,8.735269553,-0.091117391,-0.26370632,-2.072462854,Waning Crescent,WNC,25,13,260,72,117,2340,15,133.874
ID165,2016,32,4-Jun,4-Jun,16,1,20.48916667,0.568333333,0.5685,-0.352083333,8.050912001,-0.47530184,0.188090486,0.380648809,New Moon,NM,1,673,13460,86,64,1280,12,54.2496
ID199,2017,28,25-May,25-May,10,1,14.397125,-0.315333333,-0.183083333,0.02375,8.891718489,0.902559481,1.000863456,0.834970592,New Moon,NM,1,4,80,494,141,2820,13,145.32
ID239,2018,35,13-Jun,13-Jun,20,1,19.86095833,-0.172291667,0.244416667,0.514916667,6.231656199,-0.101038518,-0.016070995,-0.509798094,New Moon,NM,0,63,1260,47,83,1660,11,69.4046
ID46,2012,34,20-May,20-May,11,1,NA,NA,NA,NA,NA,NA,NA,NA,New Moon,NM,0,20,400,1052,160,3200,8,204.541
ID48,2012,36,22-May,22-May,13,1,18.758875,NA,NA,NA,NA,NA,NA,NA,Waxing Crescent,WXC,1,6,120,1067,311,6220,8,411.2696
ID12,2011,26,30-May,30-May,12,2,17.06891667,1.683208333,1.349041667,1.195083333,8.804222865,-1.383946657,0.037824046,-2.729472325,Waning Crescent,WNC,26,50,1000,502,53,1060,7,64.8986
ID124,2015,16,19-May,19-May,2,2,15.34170833,-1.251625,-0.550875,1.654416667,8.529435787,-1.677400678,1.027723642,0.844475331,New Moon,NM,1,1703,34060,28,247,4940,18,270.1982
ID16,2011,30,3-Jun,3-Jun,16,2,18.32270833,0.705666667,0.566833333,-0.523458333,8.244227261,-0.053181499,-0.246244495,0.500234696,Waxing Crescent,WXC,2,8,160,480,37,740,6,45.243
ID167,2016,34,6-Jun,6-Jun,18,2,18.42966667,-0.959333333,-2.0595,-1.491166667,9.349196389,1.531489743,1.298284388,0.822982548,Waxing Crescent,WXC,3,192,3840,8,92,1840,12,61.7998
ID19,2011,33,6-Jun,6-Jun,19,2,20.46554167,1.337958333,1.77425,2.142833333,6.627696086,0.144296275,-1.235263678,-1.616531175,Waxing Crescent,WXC,5,43,860,400,37,740,6,51.5568
ID220,2017,59,25-Jun,25-Jun,31,2,19.97995833,0.110958333,0.408625,-0.214083333,8.365387832,-0.097171937,-2.663880096,-1.308239545,Waxing Crescent,WXC,4,8,160,0,37,740,11,29.782
ID82,2013,35,7-Jun,7-Jun,22,2,15.34808333,1.183833333,1.230291667,1.367083333,5.857361936,-0.754093401,-2.04921072,-2.80984585,Waning Crescent,WNC,28,72,1440,36,77,1540,5,103.8448
ID85,2013,38,10-Jun,10-Jun,25,2,15.99016667,0.414166667,0.039708333,0.642083333,5.106130435,-1.041516956,-0.68299484,-0.751231501,Waxing Crescent,WXC,2,184,3680,64,124,2480,5,166.4598
ID101,2014,19,27-May,27-May,2,3,19.25614583,0.884,1.904625,3.019875,NA,NA,NA,NA,Waning Crescent,WNC,28,459,9180,23,617,12340,14,815.5202
ID103,2014,21,29-May,29-May,4,3,20.29822917,0.5919375,1.042083333,1.926083333,NA,NA,NA,NA,Waxing Crescent,WXC,2,2355,47100,1269,356,7120,11,452.6172
ID201,2017,30,27-May,27-May,12,3,16.22375,1.333041667,1.826625,1.511291667,8.31365611,-1.210515926,-0.578062378,0.324497103,Waxing Crescent,WXC,3,3,60,148,92,1840,13,95.309
ID241,2018,37,15-Jun,15-Jun,22,3,20.88258333,0.61175,1.021625,0.849333333,5.971578616,-0.445736517,-0.260077583,-0.361116101,Waxing Crescent,WXC,2,18,360,571,51,1020,7,44.5424
ID45,2012,33,19-May,19-May,10,3,NA,NA,NA,NA,NA,NA,NA,NA,Waning Crescent,WNC,28,13,260,317,42,840,4,49.0488
ID198,2017,27,24-May,24-May,9,4,14.71245833,0.13225,0.339083333,-0.856125,7.989159008,0.098303975,-0.067588889,0.035649195,Waning Crescent,WNC,28,14,280,1219,128,2560,14,146.9134
ID21,2011,35,8-Jun,8-Jun,21,4,21.549,-0.321541667,1.083458333,2.421416667,6.908189046,0.610937788,0.28049296,0.424789235,First Quarter,FQ,7,79,1580,191,7,140,6,11.2622
ID238,2018,34,12-Jun,12-Jun,19,4,20.03325,0.416708333,0.687208333,0.845708333,6.332694717,0.084967523,-0.408759576,-0.61680895,Waning Crescent,WNC,28,125,2500,0,108,2160,8,90.0674
ID49,2012,37,23-May,23-May,14,4,19.77079167,1.011916667,NA,NA,11.83056262,0.903770842,NA,NA,Waxing Crescent,WXC,2,16,320,1686,67,1340,8,86.5068
ID11,2011,25,29-May,29-May,11,5,15.38570833,-0.334166667,-0.488125,-0.429666667,10.18816952,1.421770702,-1.345525669,-0.273369872,Waning Crescent,WNC,25,49,980,661,81,1620,10,89.2188
ID125,2015,17,20-May,20-May,3,5,14.98954167,-0.352166667,-1.603791667,-0.903041667,7.12237092,-1.407064867,-3.084465545,-0.379341225,Waxing Crescent,WXC,2,9269,185380,73,490,9800,20,561.8926
ID69,2012,62,17-Jun,17-Jun,34,5,22.16633333,-0.432333333,-0.005291667,0.72725,12.83070722,2.184408585,2.297843695,1.235815344,Waning Crescent,WNC,22,11,220,13,37,740,9,45.6112
ID81,2013,34,6-Jun,6-Jun,21,5,14.16425,0.046458333,0.18325,-0.224375,6.611455337,-1.295117319,-2.055752449,-1.396878389,Waning Crescent,WNC,27,25,500,30,29,580,4,39.015
ID164,2016,31,3-Jun,3-Jun,15,6,19.92083333,0.000166667,-0.920416667,-1.832416667,8.526213841,0.663392326,0.855950649,-0.209055712,Waning Crescent,WNC,28,1204,24080,167,124,2480,13,119.631
ID168,2016,35,7-Jun,7-Jun,19,6,17.61720833,-0.812458333,-1.771791667,-2.871958333,8.983759338,-0.365437051,1.166052692,0.932847337,Waxing Crescent,WXC,4,117,2340,8,89,1780,15,57.8126
ID17,2011,31,4-Jun,4-Jun,17,6,18.69129167,0.368583333,1.07425,0.935416667,7.862959763,-0.381267498,-0.434448997,-0.627511992,Waxing Crescent,WXC,3,22,440,230,56,1120,5,77.021
ID86,2013,39,11-Jun,11-Jun,26,6,16.39875,0.408583333,0.82275,0.448291667,4.736441092,-0.369689343,-1.411206299,-1.052684182,Waxing Crescent,WXC,3,1130,22600,58,110,2200,7,151.2372
ID100,2014,18,26-May,26-May,1,7,18.37214583,1.020625,2.135875,3.199708333,NA,NA,NA,NA,Waning Crescent,WNC,27,31,620,1,362,7240,15,438.3656
ID13,2011,27,31-May,31-May,13,7,18.84616667,1.77725,3.460458333,3.126291667,7.743992565,-1.060230299,-2.444176956,-1.022406254,Waning Crescent,WNC,27,0,0,669,0,0,0,0
ID44,2012,32,18-May,18-May,9,7,17.371,1.266708333,1.861916667,0.380958333,5.487734004,-0.294375572,-0.429820361,-0.471735019,Waning Crescent,WNC,27,57,1140,92,163,3260,6,200.9174
ID70,2012,67,22-Jun,22-Jun,35,7,22.565,-0.2635,-0.116708333,0.697416667,16.82998918,-4.734329817,-7.18792866,-3.549716831,Waxing Crescent,WXC,2,41,820,0,38,760,9,44.8934
ID104,2014,22,30-May,30-May,5,8,20.67477083,0.376541667,0.968479167,1.418625,NA,NA,NA,NA,Waxing Crescent,WXC,3,602,12040,2791,276,5520,13,357.8802
ID136,2015,47,19-Jun,19-Jun,14,8,19.86604167,0.136166667,0.243,1.135083333,8.680335924,-2.130738146,-4.078353945,-4.653519126,Waxing Crescent,WXC,3,121,2420,96,107,2140,15,84.134
ID242,2018,38,16-Jun,16-Jun,23,8,21.34220833,0.459625,1.071375,1.48125,6.29392387,0.322345254,-0.123391263,0.062267671,Waxing Crescent,WXC,3,20,400,410,28,560,10,17.202
ID50,2012,38,24-May,24-May,15,9,20.803125,1.032333333,2.04425,NA,11.31625044,-0.514312189,0.389458653,NA,Waxing Crescent,WXC,3,9,180,1326,31,620,3,41.7506
ID120,2014,48,24-Jun,24-Jun,21,10,19.13520833,-0.029708333,0.025333333,0.9790625,NA,NA,NA,NA,Waning Crescent,WNC,26,10,200,0,43,860,8,53.7086
ID197,2017,26,23-May,23-May,8,10,14.58020833,0.206833333,-0.988375,-1.488833333,7.890855033,-0.165892864,-0.06265478,0.330514517,Waning Crescent,WNC,27,24,480,1853,103,2060,8,118.5422
ID237,2018,33,11-Jun,11-Jun,18,10,19.61654167,0.2705,0.429,1.511875,6.247727194,-0.493727099,-0.701776473,-0.879254717,Waning Crescent,WNC,27,164,3280,0,35,700,5,23.6162
ID68,2012,61,16-Jun,16-Jun,33,10,22.59866667,0.427041667,1.159583333,1.521875,10.64629863,0.113435109,-0.948593242,-0.527642152,Waning Crescent,WNC,21,13,260,30,31,620,7,61.402
ID106,2014,24,1-Jun,1-Jun,7,11,21.748375,0.042479167,1.073604167,1.450145833,NA,NA,NA,NA,Waxing Crescent,WXC,5,32,640,1214,184,3680,14,235.4822
ID126,2015,18,21-May,21-May,4,11,15.06616667,0.076625,-0.275541667,-1.527166667,7.827916021,0.705545101,-0.701519766,-2.378920444,Waxing Crescent,WXC,3,2024,40480,97,207,4140,15,206.4904
ID80,2013,33,5-Jun,5-Jun,20,11,14.11779167,0.136791667,-0.270833333,-4.490333333,7.906572656,-0.760635129,-0.10176107,1.421763309,Waning Crescent,WNC,26,6,120,15,70,1400,6,101.1144
ID87,2013,40,12-Jun,12-Jun,27,11,18.02925,1.6305,2.039083333,2.45325,4.827899722,0.09145863,-0.278230712,-1.319747669,Waxing Crescent,WXC,4,509,10180,27,118,2360,6,152.9132
ID163,2016,30,2-Jun,2-Jun,14,12,19.92066667,-0.920583333,-1.832583333,-1.557166667,7.862821516,0.192558323,-0.872448038,-0.963565429,Waning Crescent,WNC,27,190,3800,134,105,2100,16,78.681
ID169,2016,36,8-Jun,8-Jun,20,12,16.75254167,-0.864666667,-1.677125,-2.636458333,9.599886238,0.6161269,0.250689849,1.782179592,Waxing Crescent,WXC,5,89,1780,3,156,3120,15,78.2136
ID18,2011,32,5-Jun,5-Jun,18,12,19.12758333,0.436291667,0.804875,1.510541667,6.483399811,-1.379559952,-1.76082745,-1.814008949,Waxing Crescent,WXC,4,22,440,211,63,1260,7,85.0744
ID43,2012,31,17-May,17-May,8,12,16.10429167,0.595208333,-0.88575,-0.111625,5.782109576,-0.135444789,-0.177359447,-0.586992854,Waning Crescent,WNC,26,129,2580,13,28,560,3,35.312
ID71,2012,68,23-Jun,23-Jun,36,13,22.59416667,0.029166667,-0.234333333,-0.087541667,13.11092618,-3.719062992,-8.453392809,-10.90699165,Waxing Crescent,WXC,3,2,40,0,43,860,6,55.2716
ID137,2015,48,20-Jun,20-Jun,15,14,19.91716667,0.051125,0.187291667,0.294125,7.993680286,-0.686655638,-2.817393785,-4.765009584,Waxing Crescent,WXC,4,19,380,38,35,700,10,26.7656
ID119,2014,47,23-Jun,23-Jun,20,16,19.16491667,0.055041667,1.008770833,0.778645833,NA,NA,NA,NA,Waning Crescent,WNC,25,11,220,1,79,1580,9,67.9388
ID189,2016,58,1-Jul,1-Jul,40,16,21.056,-0.423458333,-0.507916667,-0.73725,6.424769863,-0.046415557,-0.417150384,-0.433745284,Waning Crescent,WNC,28,4,80,0,41,820,12,32.4324
ID243,2018,39,17-Jun,17-Jun,24,16,21.88175,0.539541667,0.999166667,1.610916667,5.988900604,-0.305023265,0.017321989,-0.428414528,Waxing Crescent,WXC,4,4,80,221,26,520,9,12.4676
ID51,2012,39,25-May,25-May,16,16,20.87320833,0.070083333,1.102416667,2.114333333,10.34823259,-0.968017844,-1.482330033,-0.578559191,Waxing Crescent,WXC,4,22,440,1750,156,3120,8,200.8608
ID236,2018,32,10-Jun,10-Jun,17,17,19.34604167,0.1585,1.241375,2.32,6.741454293,-0.208049374,-0.385527618,-0.503360421,Waning Crescent,WNC,26,61,1220,0,83,1660,7,66.6514
ID67,2012,60,15-Jun,15-Jun,32,17,22.171625,0.732541667,1.094833333,0.534458333,10.53286353,-1.062028351,-0.641077261,-2.014958333,Waning Crescent,WNC,20,317,6340,103,50,1000,5,24.8574
ID107,2014,25,2-Jun,2-Jun,8,18,21.9815625,0.2331875,0.275666667,1.306791667,NA,NA,NA,NA,Waxing Crescent,WXC,6,13,260,705,212,4240,14,265.4784
ID127,2015,19,22-May,22-May,5,18,14.827,-0.239166667,-0.162541667,-0.514708333,7.777889127,-0.050026894,0.655518207,-0.75154666,Waxing Crescent,WXC,4,1291,25820,84,263,5260,20,251.4108
ID196,2017,25,22-May,22-May,7,18,14.373375,-1.195208333,-1.695666667,-1.830625,8.056747896,0.103238084,0.496407381,-0.159466116,Waning Crescent,WNC,26,35,700,2473,55,1100,11,89.075
ID88,2013,41,13-Jun,13-Jun,28,18,19.08783333,1.058583333,2.689083333,3.097666667,4.527882057,-0.300017665,-0.208559034,-0.578248377,Waxing Crescent,WXC,5,436,8720,33,38,760,5,50.4616
ID42,2012,30,16-May,16-May,7,19,15.50908333,-1.480958333,-0.706833333,0.231625,5.917554365,-0.041914658,-0.451548066,-1.619717336,Waning Crescent,WNC,25,59,1180,6,82,1640,9,106.8738
ID10,2011,24,28-May,28-May,10,20,15.719875,-0.153958333,-0.0955,-1.520666667,8.766398819,-2.767296371,-1.695140574,-2.545423269,Waning Crescent,WNC,24,67,1340,0,106,2120,8,118.5814
ID170,2016,37,9-Jun,9-Jun,21,20,17.01758333,0.265041667,-0.599625,-1.412083333,7.504498123,-2.095388116,-1.479261216,-1.844698267,Waxing Crescent,WXC,6,71,1420,1,170,3400,12,92.9076
ID138,2015,49,21-Jun,21-Jun,16,21,19.67454167,-0.242625,-0.1915,-0.055333333,7.444487855,-0.549192431,-1.235848069,-3.366586215,Waxing Crescent,WXC,5,120,2400,20,164,3280,12,136.615
ID162,2016,29,1-Jun,1-Jun,13,21,20.84125,-0.912,-0.636583333,-1.086416667,7.670263192,-1.065006361,-1.156123752,-1.328712681,Waning Crescent,WNC,26,53,1060,43,91,1820,15,77.934
ID160,2016,27,30-May,30-May,11,23,21.47783333,-0.449833333,0.043666667,1.150791667,8.826386944,-0.172588929,-1.981345463,-0.174862208,Waning Crescent,WNC,24,12,240,129,49,980,12,44.1508
ID52,2012,40,26-May,26-May,17,24,20.60766667,-0.265541667,-0.195458333,0.836875,10.31719116,-0.031041433,-0.999059277,-1.513371467,Waxing Crescent,WXC,5,53,1060,1219,45,900,5,57.487
ID66,2012,59,14-Jun,14-Jun,31,25,21.43908333,0.362291667,-0.198083333,-1.900166667,11.59489188,0.420951089,-0.952929982,-3.077580905,Waning Crescent,WNC,19,43,860,286,80,1600,10,83.9754
ID78,2013,28,31-May,31-May,15,25,19.23075,3.059666667,5.52625,5.529333333,7.017280658,-0.776256096,-0.725553841,-2.245757938,Last Quarter,LQ,21,5,100,9,65,1300,8,92.1868
ID108,2014,26,3-Jun,3-Jun,9,26,20.87308333,-1.108479167,-0.875291667,-0.8328125,NA,NA,NA,NA,Waxing Crescent,WXC,7,15,300,2062,91,1820,14,119.7268
ID235,2018,31,9-Jun,9-Jun,16,26,19.18754167,1.082875,2.1615,2.622208333,6.949503667,-0.177478244,-0.295311047,-0.591949062,Waning Crescent,WNC,25,22,440,1,51,1020,7,60.8176
ID244,2018,40,18-Jun,18-Jun,25,26,21.57279167,-0.308958333,0.230583333,0.690208333,6.130504891,0.141604287,-0.163418979,0.158926276,Waxing Crescent,WXC,5,32,640,67,13,260,4,6.9848
ID89,2013,42,14-Jun,14-Jun,29,26,18.95708333,-0.13075,0.927833333,2.558333333,5.606006349,1.078124291,0.778106626,0.869565257,Waxing Crescent,WXC,6,354,7080,60,82,1640,6,77.1984
ID105,2014,23,31-May,31-May,6,27,21.70589583,1.031125,1.407666667,1.999604167,NA,NA,NA,NA,Waxing Crescent,WXC,4,51,1020,3123,109,2180,10,146.1942
ID128,2015,20,23-May,23-May,6,27,15.09595833,0.268958333,0.029791667,0.106416667,6.311333137,-1.46655599,-1.516582885,-0.811037783,Waxing Crescent,WXC,5,553,11060,131,232,4640,19,232.086
ID195,2017,24,21-May,21-May,6,28,15.56858333,-0.500458333,-0.635416667,-1.806625,7.953509813,0.393169297,-0.2627042,0.333488194,Waning Crescent,WNC,25,91,1820,5220,117,2340,12,166.2564
ID41,2012,29,15-May,15-May,6,28,16.99004167,0.774125,1.712583333,2.265625,5.959469023,-0.409633408,-1.577802677,-2.200196157,Waning Crescent,WNC,24,532,10640,7,120,2400,9,157.945
ID9,2011,23,27-May,27-May,9,28,15.87383333,0.058458333,-1.366708333,-1.660208333,11.53369519,1.072155797,0.221873102,0.362795655,Waning Crescent,WNC,23,0,0,2129,0,0,0,0
ID139,2015,50,22-Jun,22-Jun,17,29,20.33825,0.663708333,0.421083333,0.472208333,6.566329323,-0.878158532,-1.427350963,-2.114006601,Waxing Crescent,WXC,6,19,380,12,51,1020,15,36.8616
ID20,2011,34,7-Jun,7-Jun,20,29,21.87054167,1.405,2.742958333,3.17925,6.297251258,-0.330444828,-0.186148554,-1.565708506,Waxing Crescent,WXC,6,188,3760,598,69,1380,5,92.9726
ID53,2012,41,27-May,27-May,18,33,20.27341667,-0.33425,-0.599791667,-0.529708333,10.48022067,0.163029511,0.131988077,-0.836029767,Waxing Crescent,WXC,6,206,4120,594,62,1240,5,81.3824
ID65,2012,58,13-Jun,13-Jun,30,33,21.07679167,-0.560375,-2.262458333,-0.832125,11.17394079,-1.373881072,-3.498531995,-3.620194468,Waning Crescent,WNC,18,93,1860,181,46,920,5,55.6772
ID188,2016,56,29-Jun,29-Jun,39,34,21.56391667,-0.229333333,-0.698375,-1.429125,6.841920247,-0.0165949,0.143033499,-0.904401913,Waning Crescent,WNC,26,19,380,0,66,1320,17,38.3504
ID109,2014,27,4-Jun,4-Jun,10,35,20.30535417,-0.567729167,-1.676208333,-1.443020833,NA,NA,NA,NA,Waxing Crescent,WXC,8,21,420,2283,85,1700,12,115.8334
ID90,2013,43,15-Jun,15-Jun,30,35,17.83525,-1.121833333,-1.252583333,-0.194,4.844530656,-0.761475693,0.316648598,0.016630934,Waxing Crescent,WXC,7,4,80,47,126,2520,6,71.527
ID129,2015,21,24-May,24-May,7,36,15.655375,0.559416667,0.828375,0.589208333,7.432537721,1.121204584,-0.345351406,-0.3953783,Waxing Crescent,WXC,6,168,3360,124,146,2920,16,132.7424
ID234,2018,30,8-Jun,8-Jun,15,36,18.10466667,1.078625,1.539333333,1.2965,7.126981911,-0.117832803,-0.414470818,-0.587963632,Waning Crescent,WNC,24,91,1820,0,53,1060,9,64.8782
ID245,2018,41,19-Jun,19-Jun,26,36,21.94508333,0.372291667,0.063333333,0.602875,6.720352299,0.589847408,0.731451695,0.42642843,Waxing Crescent,WXC,6,10,200,16,10,200,5,9.1304
ID40,2012,28,14-May,14-May,5,37,16.21591667,0.938458333,1.4915,1.971583333,6.369102431,-1.16816927,-1.790562749,-3.629082956,Waning Crescent,WNC,23,431,8620,0,121,2420,5,160.8866
ID8,2011,22,26-May,26-May,8,37,15.815375,-1.425166667,-1.718666667,-2.333041667,10.46153939,-0.850282695,-0.709360141,-1.365717711,Waning Crescent,WNC,22,1095,21900,3147,394,7880,10,512.8548
ID140,2015,51,23-Jun,23-Jun,18,38,19.722125,-0.616125,0.047583333,-0.195041667,8.141571936,1.575242612,0.69708408,0.14789165,First Quarter,FQ,7,25,500,8,66,1320,12,49.21
ID194,2017,23,20-May,20-May,5,38,16.06904167,-0.134958333,-1.306166667,-0.809625,7.560340516,-0.655873497,-0.059681103,-0.087219432,Waning Crescent,WNC,24,299,5980,4390,161,3220,12,211.7704
ID171,2016,39,11-Jun,11-Jun,22,39,19.29808333,1.154166667,2.2805,2.545541667,8.655651328,1.267975777,1.151153206,-0.94423491,Waxing Crescent,WXC,8,54,1080,2,43,860,12,33.6838
ID219,2017,52,18-Jun,18-Jun,30,42,22.873875,-0.191916667,0.118708333,0.060458333,10.91762461,2.655522512,3.475280689,2.730414547,Waning Crescent,WNC,25,7,140,2,8,160,3,0.9902
ID54,2012,42,28-May,28-May,19,43,20.699625,0.426208333,0.091958333,-0.173583333,11.85719794,1.37697727,1.540006781,1.508965347,First Quarter,FQ,7,22,440,105,8,160,5,7.3258
ID64,2012,57,12-Jun,12-Jun,29,43,21.63716667,-1.702083333,-0.27175,1.486333333,12.54782186,-2.124650923,-2.246313396,-2.201072816,Waning Crescent,WNC,17,169,3380,51,39,780,7,43.2412
ID110,2014,28,5-Jun,5-Jun,11,44,20.21595833,-0.089395833,-0.657125,-1.765604167,NA,NA,NA,NA,First Quarter,FQ,9,21,420,963,143,2860,14,208.773
ID91,2013,44,16-Jun,16-Jun,31,45,18.302875,0.467625,-0.654208333,-0.784958333,4.035192727,-0.809337929,-1.570813621,-0.49268933,First Quarter,FQ,8,15,300,54,146,2920,7,73.4512
ID233,2018,29,7-Jun,7-Jun,14,46,17.02604167,0.460708333,0.217875,-0.539625,7.244814714,-0.296638015,-0.470130829,-0.667821021,Waning Crescent,WNC,23,118,2360,3,39,780,4,49.7466
ID7,2011,21,25-May,25-May,7,46,17.24054167,-0.2935,-0.907875,-0.182166667,11.31182209,0.140922553,-0.515435017,0.329234868,Waning Crescent,WNC,21,601,12020,2413,0,0,0,0
ID79,2013,29,1-Jun,1-Jun,16,46,20.40854167,1.177791667,4.237458333,6.704041667,5.934032399,-1.083248259,-1.859504355,-1.8088021,Waning Crescent,WNC,22,0,0,14,141,2820,6,186.7524
ID202,2017,35,1-Jun,1-Jun,13,47,15.36175,-1.006125,-1.41075,-1.13675,8.304624238,-0.627295404,-1.634786338,-7.991755056,First Quarter,FQ,8,4,80,88,80,1600,18,84.015
ID246,2018,42,20-Jun,20-Jun,27,47,21.81754167,-0.127541667,0.24475,-0.064208333,6.576442435,-0.143909864,0.445937544,0.587541831,First Quarter,FQ,7,8,160,5,10,200,6,8.8384
ID39,2012,27,13-May,13-May,4,47,15.27745833,0.553041667,1.033125,2.105333333,7.5372717,-0.62239348,-2.460913686,-2.317447912,Waning Crescent,WNC,22,140,2800,0,71,1420,4,93.3006
ID141,2015,52,24-Jun,24-Jun,19,48,20.08008333,0.357958333,-0.258166667,0.405541667,7.402534411,-0.739037524,0.836205088,-0.041953444,First Quarter,FQ,7,43,860,42,40,800,12,25.589
ID193,2017,22,19-May,19-May,4,48,16.204,-1.171208333,-0.674666667,-0.146916667,8.216214013,0.596192394,0.568654065,0.536313622,Waning Crescent,WNC,23,233,4660,1354,126,2520,12,144.8046
ID172,2016,40,12-Jun,12-Jun,23,49,19.14370833,-0.154375,0.999791667,2.126125,7.157834477,-1.497816851,-0.229841074,-0.346663645,First Quarter,FQ,9,66,1320,0,53,1060,13,35.0756
ID72,2013,15,18-May,18-May,1,50,13.65658333,-1.206583333,-1.253791667,0.916958333,8.093299762,-0.920443964,-0.858409734,-0.707333462,First Quarter,FQ,8,67,1340,11,75,1500,6,100.3188
ID77,2013,27,30-May,30-May,14,50,16.17108333,2.466583333,2.469666667,2.266458333,7.793536754,0.050702255,-1.469501842,-5.236720346,Waning Gibbous,WAG,20,13,260,16,120,2400,8,152.1992
ID22,2011,36,9-Jun,9-Jun,22,51,20.10275,-1.44625,-1.767791667,-0.362791667,11.61334837,4.705159321,5.316097109,4.985652281,Waxing Gibbous,WXG,8,0,0,4,0,0,0,0
ID159,2016,26,29-May,29-May,10,53,21.92766667,0.4935,1.600625,2.237166667,8.998975873,-1.808756534,-0.002273279,-0.280077907,Last Quarter,LQ,23,9,180,248,125,2500,15,114.5394
ID218,2017,51,17-Jun,17-Jun,29,53,23.06579167,0.310625,0.252375,0.084375,8.262102093,0.819758176,0.074892035,1.392227596,Last Quarter,LQ,24,14,280,17,4,80,4,0.5902
ID63,2012,56,11-Jun,11-Jun,28,53,23.33925,1.430333333,3.188416667,4.183958333,14.67247278,-0.121662473,-0.076421893,3.032456872,Last Quarter,LQ,16,54,1080,20,41,820,7,41.3906
ID111,2014,29,6-Jun,6-Jun,12,54,20.404875,0.188916667,0.099520833,-0.468208333,NA,NA,NA,NA,Waxing Gibbous,WXG,10,201,4020,425,197,3940,11,259.3268
ID55,2012,43,29-May,29-May,20,54,20.58708333,-0.112541667,0.313666667,-0.020583333,13.28349625,1.426298311,2.803275581,2.966305091,Waxing Gibbous,WXG,8,478,9560,43,39,780,5,23.2324
ID135,2015,37,9-Jun,9-Jun,13,55,17.68033333,0.77325,0.324916667,-0.233833333,8.534385916,-0.144121072,0.174988115,1.139069684,Last Quarter,LQ,22,198,3960,49,42,840,10,36.613
ID92,2013,45,17-Jun,17-Jun,32,55,18.29883333,-0.004041667,0.463583333,-0.65825,5.501753435,1.466560708,0.657222779,-0.104252913,Waxing Gibbous,WXG,9,57,1140,48,62,1240,5,23.7334
ID187,2016,55,27-Jun,27-Jun,38,56,22.26229167,-0.73075,-0.3995,0.3205,6.698886747,-1.047435413,-0.536235782,-1.0590748,Last Quarter,LQ,24,11,220,0,82,1640,14,77.5864
ID232,2018,28,6-Jun,6-Jun,13,56,16.56533333,-0.242833333,-1.000333333,-2.462875,7.541452729,-0.173492814,-0.371183006,-1.182822106,Last Quarter,LQ,22,290,5800,4,66,1320,8,131.0142
ID6,2011,20,24-May,24-May,6,56,17.53404167,-0.614375,0.111333333,1.25525,11.17089953,-0.65635757,0.188312315,1.208441497,Last Quarter,LQ,20,834,16680,1546,257,5140,10,342.21
ID142,2015,53,25-Jun,25-Jun,20,57,20.26979167,0.189708333,0.547666667,-0.068458333,6.376682204,-1.025852207,-1.764889731,-0.189647119,First Quarter,FQ,8,36,720,44,67,1340,13,37.5162
ID143,2015,54,26-Jun,26-Jun,21,57,20.62841667,0.358625,0.548333333,0.906291667,7.120396822,0.743714618,-0.282137589,-1.021175114,Waxing Gibbous,WXG,9,13,260,34,11,220,7,10.0172
ID203,2017,36,2-Jun,2-Jun,14,57,15.49995833,0.138208333,-0.867916667,-1.272541667,7.744640855,-0.559983383,-1.187278787,-2.194769721,Waxing Gibbous,WXG,9,8,160,84,64,1280,13,93.1142
ID38,2012,26,12-May,12-May,3,57,14.72441667,0.480083333,1.552291667,1.535916667,8.15966518,-1.838520207,-1.695054432,-3.029499242,Last Quarter,LQ,21,401,8020,1,82,1640,7,100.7556
ID173,2016,41,13-Jun,13-Jun,24,58,18.91333333,-0.230375,-0.38475,0.769416667,7.777120151,0.619285673,-0.878531178,0.389444599,Waxing Gibbous,WXG,10,36,720,0,37,740,12,17.5694
ID192,2017,21,18-May,18-May,3,58,17.37520833,0.496541667,1.024291667,2.379375,7.620021619,-0.027538329,-0.059878772,-0.102857599,Last Quarter,LQ,22,649,12980,391,158,3160,15,243.3858
ID247,2018,43,21-Jun,21-Jun,28,58,22.057,0.239458333,0.111916667,0.484208333,6.442140215,-0.134302221,-0.278212085,0.311635323,Waxing Gibbous,WXG,8,13,260,1,11,220,4,8.5422
ID73,2013,16,19-May,19-May,3,60,13.81066667,0.154083333,-1.0525,-1.099708333,6.551656274,-1.541643488,-2.462087453,-2.400053222,Waxing Gibbous,WXG,9,158,3160,51,28,560,9,33.2468
ID76,2013,26,29-May,29-May,13,61,13.7045,0.003083333,-0.200125,0.401583333,7.742834499,-1.520204097,-5.287422601,-8.346440502,Waning Gibbous,WAG,19,12,240,3,81,1620,7,109.3976
ID35,2011,49,22-Jun,22-Jun,35,62,17.58158333,-2.199958333,-2.783125,-3.59025,30.0990277,22.33743346,23.79122955,23.45016868,Waning Gibbous,WAG,21,0,0,0,0,0,0,0
ID112,2014,30,7-Jun,7-Jun,13,63,20.6591875,0.2543125,0.443229167,0.353833333,NA,NA,NA,NA,Waxing Gibbous,WXG,11,391,7820,164,128,2560,13,177.6388
ID217,2017,50,16-Jun,16-Jun,28,63,22.75516667,-0.05825,-0.22625,-0.054125,7.442343917,-0.744866142,0.57246942,0.117724305,Waning Gibbous,WAG,23,16,320,85,38,760,9,26.9978
ID23,2011,37,10-Jun,10-Jun,23,63,18.90525,-1.1975,-2.64375,-2.965291667,11.19381582,-0.41953255,4.285626771,4.89656456,Waxing Gibbous,WXG,9,0,0,0,0,0,0,0
ID62,2012,55,10-Jun,10-Jun,27,63,21.90891667,1.758083333,2.753625,4.109333333,14.79413525,0.04524058,3.154119345,-0.740461367,Waning Gibbous,WAG,15,79,1580,0,77,1540,8,63.3938
ID158,2016,25,28-May,28-May,9,64,21.43416667,1.107125,1.743666667,2.667666667,10.80773241,1.806483255,1.528678627,1.924090696,Waning Gibbous,WAG,22,8,160,296,182,3640,17,215.2452
ID231,2018,27,5-Jun,5-Jun,12,65,16.80816667,-0.7575,-2.220041667,-3.695958333,7.714945543,-0.197690192,-1.009329292,-0.747171847,Waning Gibbous,WAG,21,202,4040,7,78,1560,8,126.015
ID5,2011,19,23-May,23-May,5,65,18.14841667,0.725708333,1.869625,3.720125,11.8272571,0.844669884,1.864799067,-0.485795017,Waning Gibbous,WAG,19,299,5980,756,170,3400,9,224.126
ID134,2015,36,8-Jun,8-Jun,12,66,16.90708333,-0.448333333,-1.007083333,-0.412833333,8.678506988,0.319109187,1.283190756,0.300672834,Last Quarter,LQ,21,81,1620,18,55,1100,9,45.4972
ID93,2013,46,18-Jun,18-Jun,33,66,17.152625,-1.146208333,-1.15025,-0.682625,6.659005508,1.157252073,2.623812781,1.814474853,Waxing Gibbous,WXG,10,182,3640,29,50,1000,7,25.6302
ID186,2016,54,26-Jun,26-Jun,37,67,22.99304167,0.33125,1.05125,1.015541667,7.74632216,0.511199631,-0.011639387,0.422865806,Waning Gibbous,WAG,23,9,180,0,74,1480,15,47.292
ID204,2017,37,3-Jun,3-Jun,15,67,17.04870833,1.54875,1.686958333,0.680833333,7.361772874,-0.382867981,-0.942851364,-1.570146768,Waxing Gibbous,WXG,10,26,520,156,59,1180,14,48.0188
ID174,2016,42,14-Jun,14-Jun,25,68,19.84620833,0.932875,0.7025,0.548125,7.439355099,-0.337765051,0.281520622,-1.216296229,Waxing Gibbous,WXG,11,41,820,13,44,880,12,28.9074
ID191,2017,20,17-May,17-May,2,68,16.87866667,0.52775,1.882833333,3.06975,7.647559948,-0.032340443,-0.07531927,-0.464466564,Waning Gibbous,WAG,21,161,3220,28,102,2040,16,115.5468
ID248,2018,44,22-Jun,22-Jun,29,68,21.44329167,-0.613708333,-0.37425,-0.501791667,5.59993141,-0.842208805,-0.976511026,-1.12042089,Waxing Gibbous,WXG,9,28,560,0,3,60,2,1.4014
ID37,2012,25,11-May,11-May,2,68,14.24433333,1.072208333,1.055833333,0.659541667,9.998185387,0.143465774,-1.190979035,0.464392581,Waning Gibbous,WAG,20,423,8460,3,136,2720,10,168.9724
ID74,2013,17,20-May,20-May,4,70,16.41045833,2.599791667,2.753875,1.547291667,5.782657938,-0.768998336,-2.310641824,-3.231085788,Waxing Gibbous,WXG,10,734,14680,171,45,900,6,60.4434
ID34,2011,48,21-Jun,21-Jun,34,71,19.78154167,-0.583166667,-1.390291667,-0.958166667,7.761594237,1.453796088,1.112735222,1.502429885,Waning Gibbous,WAG,20,0,0,0,0,0,0,0
ID221,2018,15,24-May,24-May,1,72,17.40695833,1.183083333,1.429833333,1.84325,8.491429605,-0.191351534,-0.552818617,-0.63645937,Waxing Gibbous,WXG,11,436,8720,3469,52,1040,5,66.2708
ID61,2012,54,9-Jun,9-Jun,26,72,20.15083333,0.995541667,2.35125,3.604708333,14.74889467,3.108878764,-0.785701947,-5.292682044,Waning Gibbous,WAG,14,106,2120,1,97,1940,10,73.1388
ID113,2014,31,8-Jun,8-Jun,14,73,20.03539583,-0.623791667,-0.369479167,-0.1805625,NA,NA,NA,NA,Waxing Gibbous,WXG,12,670,13400,47,90,1800,11,120.4494
ID216,2017,49,15-Jun,15-Jun,27,73,22.81341667,-0.168,0.004125,0.869333333,8.187210059,1.317335562,0.862590447,1.467198918,Waning Gibbous,WAG,22,149,2980,30,64,1280,9,54.9904
ID157,2016,24,27-May,27-May,8,74,20.32704167,0.636541667,1.560541667,2.25425,9.001249152,-0.277804628,0.117607441,0.389122122,Waning Gibbous,WAG,21,36,720,504,147,2940,15,173.51
ID230,2018,26,4-Jun,4-Jun,11,74,17.56566667,-1.462541667,-2.938458333,-3.828291667,7.912635735,-0.8116391,-0.549481655,-0.109431669,Waning Gibbous,WAG,20,326,6520,11,101,2020,7,125.5238
ID24,2011,38,11-Jun,11-Jun,24,74,17.01820833,-1.887041667,-3.084541667,-4.530791667,12.13772652,0.943910707,0.524378157,5.229537479,Waxing Gibbous,WXG,10,0,0,0,0,0,0,0
ID144,2015,55,27-Jun,27-Jun,22,75,21.20929167,0.580875,0.9395,1.129208333,6.467984295,-0.652412527,0.09130209,-0.934550117,Waxing Gibbous,WXG,10,15,300,21,22,440,9,18.168
ID4,2011,18,22-May,22-May,4,75,17.42270833,1.143916667,2.994416667,3.765083333,10.98258722,1.020129182,-1.330464902,-1.712681017,Waning Gibbous,WAG,18,43,860,75,0,0,0,0
ID175,2016,43,15-Jun,15-Jun,26,76,19.24225,-0.603958333,0.328916667,0.098541667,7.061097729,-0.37825737,-0.716022421,-0.096736748,Waxing Gibbous,WXG,12,18,360,27,67,1340,10,32.7878
ID205,2017,38,4-Jun,4-Jun,16,76,17.26429167,0.215583333,1.764333333,1.902541667,10.03299108,2.67121821,2.288350229,1.728366846,Waxing Gibbous,WXG,11,35,700,84,41,820,9,37.1176
ID94,2013,47,19-Jun,19-Jun,34,76,17.45825,0.305625,-0.840583333,-0.844625,6.538010849,-0.120994659,1.036257414,2.502818122,Waxing Gibbous,WXG,11,435,8700,17,36,720,7,27.8914
ID133,2015,35,7-Jun,7-Jun,11,77,17.35541667,-0.55875,0.0355,-0.428125,8.359397801,0.964081569,-0.018436353,-0.7702786,Waning Gibbous,WAG,20,87,1740,17,16,320,7,22.9214
ID185,2016,53,25-Jun,25-Jun,36,77,22.66179167,0.72,0.684291667,0.680833333,7.235122529,-0.522839018,-0.088333825,-0.065473022,Waning Gibbous,WAG,22,8,160,0,76,1520,14,51.3514
ID249,2018,45,23-Jun,23-Jun,30,78,20.38854167,-1.05475,-1.668458333,-1.429,5.749609526,0.149678117,-0.692530689,-0.826832909,Waxing Gibbous,WXG,10,0,0,0,3,60,2,4.3872
ID228,2018,22,31-May,31-May,9,79,22.76066667,-0.586083333,-0.407,0.3425,7.493195103,0.608037983,-0.055867552,-0.628314901,Waning Gibbous,WAG,18,29,580,554,72,1440,10,97.7996
ID33,2011,47,20-Jun,20-Jun,33,80,20.36470833,-0.807125,-0.375,0.423583333,6.307798149,-0.341060866,0.048633797,-0.102642395,Waning Gibbous,WAG,19,30,600,0,47,940,7,43.2802
ID114,2014,32,9-Jun,9-Jun,15,81,20.73347917,0.698083333,0.074291667,0.328604167,NA,NA,NA,NA,Waxing Gibbous,WXG,13,2195,43900,11,85,1700,14,103.4104
ID215,2017,48,14-Jun,14-Jun,26,81,22.98141667,0.172125,1.037333333,1.340041667,6.869874497,-0.454745115,0.149863356,0.157223289,Waning Gibbous,WAG,21,96,1920,27,75,1500,11,61.7964
ID222,2018,16,25-May,25-May,3,81,19.11941667,1.712458333,2.895541667,3.142291667,7.783268453,-0.708161152,-0.899512686,-1.260979768,Waxing Gibbous,WXG,12,270,5400,16897,19,380,6,21.1252
ID156,2016,23,26-May,26-May,7,82,19.6905,0.924,1.617708333,2.045958333,9.27905378,0.39541207,0.66692675,1.475481658,Waning Gibbous,WAG,20,17,340,672,155,3100,18,153.0434
ID60,2012,53,8-Jun,8-Jun,25,82,19.15529167,1.355708333,2.609166667,3.408,11.64001591,-3.894580712,-8.401560809,-11.88090534,Waning Gibbous,WAG,13,132,2640,1,63,1260,7,53.1582
ID145,2015,56,28-Jun,28-Jun,23,83,21.053625,-0.155666667,0.425208333,0.783833333,5.793615971,-0.674368323,-1.326780851,-0.583066233,Waxing Gibbous,WXG,11,21,420,17,14,280,9,21.0556
ID25,2011,39,12-Jun,12-Jun,25,83,15.91454167,-1.103666667,-2.990708333,-4.188208333,12.43672763,0.299001103,1.242911811,0.823379261,Waxing Gibbous,WXG,11,107,2140,0,36,720,6,19.209
ID3,2011,17,21-May,21-May,3,83,16.27879167,1.8505,2.621166667,2.633041667,9.962458038,-2.350594084,-2.7328102,-3.699593616,Waning Gibbous,WAG,17,7,140,0,261,5220,6,336.3224
ID56,2012,44,30-May,30-May,21,83,19.72991667,-0.857166667,-0.969708333,-0.5435,12.85888562,-0.424610634,1.001687677,2.378664947,Waxing Gibbous,WXG,9,4876,97520,15,66,1320,7,42.5792
ID176,2016,44,16-Jun,16-Jun,27,84,18.95716667,-0.285083333,-0.889041667,0.043833333,8.660828699,1.59973097,1.2214736,0.883708549,Waxing Gibbous,WXG,13,13,260,39,45,900,13,27.6302
ID190,2017,18,15-May,15-May,1,84,14.99583333,1.186916667,1.203666667,1.52025,7.722879218,-0.389147294,-0.118111834,-0.040810391,Waning Gibbous,WAG,19,15,300,0,113,2260,15,204.9824
ID206,2017,39,5-Jun,5-Jun,17,84,17.81933333,0.555041667,0.770625,2.319375,8.659893498,-1.373097585,1.298120624,0.915252643,Waxing Gibbous,WXG,12,19,380,108,48,960,15,51.8872
ID132,2015,34,6-Jun,6-Jun,10,85,17.91416667,0.59425,0.130625,0.495791667,7.395316232,-0.982517922,-1.734360169,-4.244521001,Waning Gibbous,WAG,19,512,10240,50,119,2380,18,100.123
ID184,2016,52,24-Jun,24-Jun,35,85,21.94179167,-0.035708333,-0.039166667,-0.0155,7.757961547,0.434505193,0.457365996,0.888893613,Waning Gibbous,WAG,21,10,200,1,56,1120,14,33.929
ID250,2018,46,24-Jun,24-Jun,31,85,20.269625,-0.118916667,-1.173666667,-1.787375,6.728509006,0.97889948,1.128577597,0.286368792,Waxing Gibbous,WXG,11,0,0,0,2,40,2,2.2312
ID58,2012,46,1-Jun,1-Jun,23,85,17.70816667,-1.284375,-2.02175,-2.878916667,11.94804828,0.049722045,-0.910837332,-1.335447965,Waxing Gibbous,WXG,11,1131,22620,17,145,2900,9,108.8464
ID95,2013,48,20-Jun,20-Jun,35,85,17.87470833,0.416458333,0.722083333,-0.424125,6.014135404,-0.523875445,-0.644870105,0.512381969,Waxing Gibbous,WXG,12,484,9680,10,32,640,5,9.9734
ID149,2015,63,5-Jul,5-Jul,27,87,20.847125,0.540791667,1.041458333,1.643791667,6.776826719,-0.189108576,-1.294294678,-2.419646935,Waning Gibbous,WAG,18,35,700,0,78,1560,13,63.5168
ID32,2011,46,19-Jun,19-Jun,32,87,21.17183333,0.432125,1.230708333,1.735125,6.648859015,0.389694663,0.238418472,-0.785628963,Waning Gibbous,WAG,18,28,560,3,64,1280,3,70.8424
ID36,2012,23,9-May,9-May,1,87,13.1885,-0.396291667,-0.477125,-0.68925,11.18916442,1.655371616,-0.989464342,-1.268536818,Waning Gibbous,WAG,18,152,3040,0,71,1420,6,95.8262
ID75,2013,25,28-May,28-May,12,87,13.70141667,-0.203208333,0.3985,1.279166667,9.263038596,-3.767218504,-6.826236405,-7.764061187,Waning Gibbous,WAG,18,4,80,6,25,500,4,39.2448
ID150,2016,15,18-May,18-May,1,88,12.224125,0.861041667,1.321458333,0.680416667,12.19162207,-0.388124847,-3.070593074,-4.354328282,Waxing Gibbous,WXG,12,40,800,0,28,560,12,34.4572
ID214,2017,47,13-Jun,13-Jun,25,88,22.80929167,0.865208333,1.167916667,1.325125,7.324619611,0.604608471,0.611968404,-0.048600442,Waning Gibbous,WAG,20,77,1540,42,70,1400,10,38.219
ID223,2018,17,26-May,26-May,4,88,21.03395833,1.914541667,3.627,4.810083333,7.377331195,-0.405937259,-1.11409841,-1.305449945,Waxing Gibbous,WXG,13,279,5580,13345,29,580,12,53.492
ID115,2014,33,10-Jun,10-Jun,16,89,20.654875,-0.078604167,0.619479167,-0.0043125,NA,NA,NA,NA,Waxing Gibbous,WXG,14,3233,64660,2,72,1440,10,95.9346
ID155,2016,22,25-May,25-May,6,89,18.7665,0.693708333,1.121958333,2.121625,8.883641711,0.271514681,1.080069588,-2.029709772,Waning Gibbous,WAG,19,95,1900,706,222,4440,17,213.4088
ID177,2016,45,17-Jun,17-Jun,28,90,19.67525,0.718083333,0.433,-0.170958333,10.15948087,1.498652166,3.098383136,2.720125766,Waxing Gibbous,WXG,14,25,500,17,52,1040,13,32.0842
ID2,2011,16,20-May,20-May,2,90,14.42829167,0.770666667,0.782541667,0.95625,12.31305212,-0.382216116,-1.348999532,-6.400986648,Waning Gibbous,WAG,16,0,0,0,0,0,0,0
ID207,2017,40,6-Jun,6-Jun,18,90,18.54854167,0.729208333,1.28425,1.499833333,7.796490163,-0.863403336,-2.236500921,0.434717289,Waxing Gibbous,WXG,13,33,660,90,21,420,7,15.218
ID59,2012,52,7-Jun,7-Jun,24,90,17.79958333,1.253458333,2.052291667,2.988,15.53459662,-4.506980097,-7.98632463,-8.242056756,Waning Gibbous,WAG,12,129,2580,3,177,3540,9,175.537
ID26,2011,40,13-Jun,13-Jun,26,91,16.613625,0.699083333,-0.404583333,-2.291625,13.28567374,0.848946107,1.147947211,2.091857918,Waxing Gibbous,WXG,12,66,1320,71,94,1880,6,38.5922
ID131,2015,33,5-Jun,5-Jun,9,92,17.31991667,-0.463625,-0.098458333,0.74675,8.377834154,-0.751842247,-3.262003079,-6.127275528,Waning Gibbous,WAG,18,191,3820,156,84,1680,13,89.8142
ID183,2016,51,23-Jun,23-Jun,34,92,21.9775,-0.003458333,0.020208333,-0.285916667,7.323456354,0.022860803,0.454388421,0.685588376,Waning Gibbous,WAG,20,13,260,6,46,920,13,28.9648
ID96,2013,49,21-Jun,21-Jun,36,92,18.66754167,0.792833333,1.209291667,1.514916667,5.357869215,-0.656266189,-1.180141634,-1.301136294,Waxing Gibbous,WXG,13,249,4980,5,36,720,8,19.1502
ID146,2015,57,29-Jun,29-Jun,24,93,21.38175,0.328125,0.172458333,0.753333333,6.1140047,0.320388729,-0.353979595,-1.006392122,Waxing Gibbous,WXG,12,3,60,5,15,300,10,14.305
ID31,2011,45,18-Jun,18-Jun,31,93,20.73970833,0.798583333,1.303,1.409708333,6.259164352,-0.151276192,-1.175323626,-1.90828474,Waning Gibbous,WAG,17,66,1320,6,71,1420,5,64.8564
ID213,2017,46,12-Jun,12-Jun,24,94,21.94408333,0.302708333,0.459916667,1.12575,6.720011141,0.007359933,-0.653208913,-0.21802577,Waning Gibbous,WAG,19,175,3500,52,44,880,10,32.6156
ID224,2018,18,27-May,27-May,5,94,21.82404167,0.790083333,2.704625,4.417083333,7.534462504,0.157131309,-0.248805949,-0.956967101,Waxing Gibbous,WXG,14,64,1280,5722,52,1040,10,57.1718
ID229,2018,23,1-Jun,1-Jun,10,94,21.39395833,-1.366708333,-1.952791667,-1.773708333,8.022067404,0.5288723,1.136910283,0.473004748,Waning Gibbous,WAG,19,18,360,198,121,2420,9,151.8172
ID116,2014,34,11-Jun,11-Jun,17,95,20.09679167,-0.558083333,-0.6366875,0.061395833,NA,NA,NA,NA,Waxing Gibbous,WXG,15,2667,53340,1,69,1380,9,113.3088
ID154,2016,21,24-May,24-May,5,95,18.07279167,0.42825,1.427916667,2.08375,8.61212703,0.808554908,-2.301224452,-0.334395456,Waning Gibbous,WAG,18,494,9880,513,176,3520,21,206.8462
ID178,2016,46,18-Jun,18-Jun,29,95,20.17070833,0.495458333,1.213541667,0.928458333,9.456664325,-0.70281654,0.795835626,2.395566596,Waxing Gibbous,WXG,15,15,300,31,30,600,11,29.9268
ID208,2017,41,7-Jun,7-Jun,19,95,19.82220833,1.273666667,2.002875,2.557916667,7.300722347,-0.495767816,-1.359171151,-2.732268737,Waxing Gibbous,WXG,14,51,1020,64,18,360,11,16.7158
ID1,2011,15,19-May,19-May,1,96,13.657625,0.011875,0.185583333,0.617916667,12.69526824,-0.966783416,-6.018770532,-5.335539879,Waning Gibbous,WAG,15,0,0,0,71,1420,7,91.303
ID227,2018,21,30-May,30-May,8,96,23.34675,0.179083333,0.928583333,1.522708333,6.885157121,-0.663905535,-1.236352884,-0.649305384,Waning Gibbous,WAG,17,26,520,916,67,1340,13,75.6404
ID130,2015,32,4-Jun,4-Jun,8,97,17.78354167,0.365166667,1.210375,1.503791667,9.129676401,-2.510160832,-5.375433281,-7.025463919,Waning Gibbous,WAG,17,79,1580,550,106,2120,11,112.6612
ID151,2016,17,20-May,20-May,2,97,14.99366667,1.51125,2.769541667,3.630583333,11.54867124,0.952626627,-0.642950839,-1.031075685,Waxing Gibbous,WXG,14,92,1840,0,42,840,12,27.2712
ID182,2016,50,22-Jun,22-Jun,33,97,21.98095833,0.023666667,-0.282458333,0.286916667,7.300595551,0.431527618,0.662727573,-1.051510026,Waning Gibbous,WAG,19,11,220,9,64,1280,15,49.063
ID212,2017,45,11-Jun,11-Jun,23,97,21.641375,0.157208333,0.823041667,1.318916667,6.712651207,-0.660568846,-0.225385703,-0.308075983,Waning Gibbous,WAG,18,246,4920,152,156,3120,10,73.7752
ID27,2011,41,14-Jun,14-Jun,27,97,18.26729167,1.653666667,2.35275,1.249083333,11.01311854,-2.272555194,-1.423609087,-1.124607983,Waxing Gibbous,WXG,13,144,2880,100,71,1420,2,22.6294
ID97,2013,50,22-Jun,22-Jun,37,97,18.84979167,0.18225,0.975083333,1.391541667,4.907165215,-0.450704,-1.106970189,-1.630845634,Waxing Gibbous,WXG,14,166,3320,2,19,380,7,13.1176
ID147,2015,58,30-Jun,30-Jun,25,98,20.90920833,-0.472541667,-0.144416667,-0.300083333,7.384841629,1.270836929,1.591225658,0.916857334,Waxing Gibbous,WXG,13,16,320,4,28,560,12,16.9164
ID148,2015,61,3-Jul,3-Jul,26,98,19.80566667,0.602333333,0.789583333,-1.103541667,8.071121397,-1.125352257,-2.36326442,0.686279768,Waning Gibbous,WAG,16,41,820,0,60,1200,12,60.1644
ID153,2016,20,23-May,23-May,4,98,17.64454167,0.999666667,1.6555,2.650875,7.803572122,-3.10977936,-1.142950364,-3.745099114,Waning Gibbous,WAG,17,1983,39660,202,207,4140,16,202.3424
ID179,2016,47,19-Jun,19-Jun,30,98,21.69404167,1.523333333,2.018791667,2.736875,8.352105577,-1.104558748,-1.807375288,-0.308723122,Waxing Gibbous,WXG,16,12,240,46,29,580,9,5.9616
ID209,2017,42,8-Jun,8-Jun,20,98,20.32245833,0.50025,1.773916667,2.503125,7.02072719,-0.279995157,-0.775762972,-1.639166308,Waxing Gibbous,WXG,15,288,5760,50,43,860,11,41.2554
ID225,2018,19,28-May,28-May,6,98,22.41816667,0.594125,1.384208333,3.29875,8.121510005,0.587047501,0.74417881,0.338241551,Waxing Gibbous,WXG,15,75,1500,2771,70,1400,10,87.0048
ID30,2011,44,17-Jun,17-Jun,30,98,19.941125,0.504416667,0.611125,1.673833333,6.410440544,-1.024047435,-1.757008548,-4.602677998,Waning Gibbous,WAG,16,128,2560,17,92,1840,3,78.7608
ID117,2014,35,12-Jun,12-Jun,18,99,20.04345833,-0.053333333,-0.611416667,-0.690020833,NA,NA,NA,NA,Full Moon,FM,16,738,14760,0,70,1400,16,91.386
ID181,2016,49,21-Jun,21-Jun,32,99,21.95729167,-0.306125,0.26325,1.786583333,6.869067934,0.231199955,-1.483037644,-2.587596391,Waning Gibbous,WAG,18,31,620,18,58,1160,14,30.5206
ID211,2017,44,10-Jun,10-Jun,22,99,21.48416667,0.665833333,1.161708333,1.661958333,7.373220053,0.435183143,0.352492863,0.072497706,Waning Gibbous,WAG,17,942,18840,185,111,2220,13,48.495
ID226,2018,20,29-May,29-May,7,99,23.16766667,0.7495,1.343625,2.133708333,7.549062655,-0.57244735,0.014600151,0.171731461,Full Moon,FM,16,9,180,1484,36,720,10,35.0224
ID28,2011,42,15-Jun,15-Jun,28,99,19.33,1.062708333,2.716375,3.415458333,8.167449092,-2.84566945,-5.118224643,-4.269278536,Full Moon,FM,14,136,2720,82,43,860,6,19.4372
ID99,2013,52,24-Jun,24-Jun,39,99,21.677625,2.113458333,2.827833333,3.010083333,4.175616204,-0.296685764,-0.731549011,-1.182253011,Waning Gibbous,WAG,16,61,1220,0,13,260,3,8.5666
ID118,2014,36,13-Jun,13-Jun,19,100,18.8954375,-1.148020833,-1.201354167,-1.7594375,NA,NA,NA,NA,Full Moon,FM,17,358,7160,0,81,1620,12,99.8594
ID152,2016,19,22-May,22-May,3,100,16.644875,0.655833333,1.651208333,3.162458333,10.91335148,1.966828996,-0.635319754,0.317306873,Waning Gibbous,WAG,16,5898,117960,7,130,2600,15,129.8536
ID180,2016,48,20-Jun,20-Jun,31,100,22.26341667,0.569375,2.092708333,2.588166667,6.637867978,-1.714237599,-2.818796347,-3.521612887,Full Moon,FM,17,48,960,26,29,580,10,17.43
ID210,2017,43,9-Jun,9-Jun,21,100,20.81833333,0.495875,0.996125,2.269791667,6.938036911,-0.08269028,-0.362685436,-0.858453252,Full Moon,FM,16,442,8840,32,40,800,9,27.3386
ID29,2011,43,16-Jun,16-Jun,29,100,19.43670833,0.106708333,1.169416667,2.823083333,7.434487978,-0.732961114,-3.578630563,-5.851185757,Waning Gibbous,WAG,15,99,1980,65,38,760,5,16.1864
ID57,2012,45,31-May,31-May,22,100,18.99254167,-0.737375,-1.594541667,-1.707083333,11.89832624,-0.960559377,-1.385170011,0.0411283,Waxing Gibbous,WXG,10,6095,121900,8,40,800,4,21.644
ID98,2013,51,23-Jun,23-Jun,38,100,19.56416667,0.714375,0.896625,1.689458333,4.472301969,-0.434863246,-0.885567246,-1.541833435,Full Moon,FM,15,66,1320,0,24,480,6,11.91
ID102,2014,20,28-May,28-May,3,0,19.70629167,0.450145833,1.334145833,2.354770833,NA,NA,NA,NA,New Moon,NM,1,1219,24380,388,254,5080,10,327.791
,,,,,,,,,,,,,,,,,,,,,,,,
,,,,,,,,,,,,,,,,,,,,,,,,
,,,,,,,,,,,,,,,,,,,,,,,,
,,,,,,,,,,,,,,,,,,,,,,,,
,,,, ,,,,,,,,,,,,,,,,,,,,
